ID,Label
0,birds
1,lipsticks
2,cows
3,spiders
4,dogs
5,butterflies
6,horses
7,cats
8,butterflies
9,horses
10,lipsticks
11,dogs
12,cats
13,cows
14,birds
15,elephants
16,vases
17,cats
18,chickens
19,lions
20,breads
21,cows
22,breads
23,chickens
24,cakes
25,spiders
26,elephants
27,chickens
28,handguns
29,cats
30,dogs
31,cows
32,spiders
33,butterflies
34,snakes
35,spiders
36,butterflies
37,vases
38,elephants
39,cats
40,cats
41,cakes
42,breads
43,horses
44,cakes
45,cows
46,cows
47,horses
48,cakes
49,breads
50,butterflies
51,cats
52,elephants
53,birds
54,cakes
55,chickens
56,elephants
57,chickens
58,dogs
59,snakes
60,lions
61,cows
62,cows
63,elephants
64,cats
65,elephants
66,birds
67,butterflies
68,vases
69,spiders
70,lipsticks
71,birds
72,horses
73,chickens
74,spiders
75,cakes
76,cows
77,butterflies
78,breads
79,chickens
80,vases
81,horses
82,lipsticks
83,spiders
84,vases
85,handguns
86,cows
87,breads
88,elephants
89,spiders
90,ducks
91,cows
92,cats
93,chickens
94,cakes
95,breads
96,elephants
97,cows
98,butterflies
99,elephants
100,ducks
101,vases
102,butterflies
103,elephants
104,fishes
105,chickens
106,cows
107,lions
108,ducks
109,horses
110,lipsticks
111,bottles
112,cows
113,spiders
114,lipsticks
115,cows
116,chickens
117,butterflies
118,cats
119,dogs
120,cats
121,cats
122,spiders
123,elephants
124,cats
125,ducks
126,spiders
127,spiders
128,horses
129,cats
130,bottles
131,spiders
132,seals
133,butterflies
134,dogs
135,snakes
136,cows
137,butterflies
138,butterflies
139,cakes
140,cats
141,bottles
142,butterflies
143,ducks
144,horses
145,lipsticks
146,butterflies
147,horses
148,lipsticks
149,chickens
150,dogs
151,cows
152,butterflies
153,butterflies
154,cats
155,dogs
156,spiders
157,spiders
158,horses
159,butterflies
160,butterflies
161,cats
162,elephants
163,seals
164,dogs
165,ducks
166,spiders
167,horses
168,butterflies
169,snakes
170,elephants
171,ducks
172,spiders
173,handguns
174,spiders
175,elephants
176,spiders
177,cats
178,dogs
179,spiders
180,butterflies
181,butterflies
182,chickens
183,lipsticks
184,cows
185,spiders
186,vases
187,spiders
188,lipsticks
189,spiders
190,butterflies
191,cows
192,handguns
193,seals
194,elephants
195,cats
196,bottles
197,cats
198,vases
199,spiders
200,birds
201,horses
202,spiders
203,ducks
204,horses
205,cats
206,chickens
207,seals
208,dogs
209,butterflies
210,cows
211,cows
212,cows
213,elephants
214,vases
215,spiders
216,birds
217,lipsticks
218,lions
219,cows
220,cats
221,spiders
222,dogs
223,butterflies
224,breads
225,cats
226,chickens
227,cows
228,horses
229,cows
230,bottles
231,horses
232,chickens
233,cows
234,horses
235,horses
236,seals
237,breads
238,butterflies
239,elephants
240,seals
241,cats
242,elephants
243,seals
244,breads
245,butterflies
246,butterflies
247,seals
248,handguns
249,spiders
250,cakes
251,fishes
252,chickens
253,elephants
254,cows
255,elephants
256,handguns
257,cows
258,lions
259,vases
260,elephants
261,lipsticks
262,vases
263,ducks
264,chickens
265,cows
266,spiders
267,elephants
268,seals
269,elephants
270,cats
271,chickens
272,bottles
273,chickens
274,birds
275,elephants
276,cats
277,lions
278,cakes
279,horses
280,birds
281,elephants
282,breads
283,butterflies
284,cats
285,snakes
286,horses
287,spiders
288,elephants
289,handguns
290,dogs
291,elephants
292,birds
293,cows
294,cows
295,cats
296,chickens
297,vases
298,bottles
299,butterflies
300,elephants
301,bottles
302,butterflies
303,ducks
304,ducks
305,chickens
306,chickens
307,spiders
308,cows
309,dogs
310,cows
311,spiders
312,butterflies
313,cats
314,elephants
315,elephants
316,chickens
317,horses
318,horses
319,cows
320,cows
321,dogs
322,elephants
323,spiders
324,seals
325,cows
326,horses
327,breads
328,cakes
329,spiders
330,horses
331,elephants
332,cows
333,elephants
334,horses
335,dogs
336,elephants
337,breads
338,dogs
339,lipsticks
340,bottles
341,butterflies
342,handguns
343,snakes
344,butterflies
345,cats
346,cows
347,horses
348,seals
349,chickens
350,butterflies
351,cats
352,butterflies
353,chickens
354,bottles
355,snakes
356,elephants
357,spiders
358,horses
359,cakes
360,spiders
361,spiders
362,chickens
363,handguns
364,dogs
365,cats
366,handguns
367,bottles
368,spiders
369,cows
370,spiders
371,bottles
372,lipsticks
373,elephants
374,cakes
375,birds
376,fishes
377,horses
378,dogs
379,lions
380,spiders
381,butterflies
382,butterflies
383,cows
384,cows
385,handguns
386,horses
387,birds
388,cats
389,chickens
390,elephants
391,horses
392,breads
393,elephants
394,snakes
395,cats
396,birds
397,vases
398,handguns
399,vases
400,dogs
401,cows
402,cakes
403,bottles
404,butterflies
405,ducks
406,spiders
407,chickens
408,ducks
409,handguns
410,spiders
411,cakes
412,dogs
413,chickens
414,chickens
415,dogs
416,horses
417,elephants
418,elephants
419,spiders
420,chickens
421,dogs
422,bottles
423,butterflies
424,dogs
425,elephants
426,vases
427,cows
428,handguns
429,ducks
430,butterflies
431,vases
432,lipsticks
433,birds
434,vases
435,spiders
436,handguns
437,dogs
438,cows
439,elephants
440,snakes
441,spiders
442,cows
443,dogs
444,vases
445,breads
446,cats
447,fishes
448,spiders
449,horses
450,chickens
451,elephants
452,horses
453,cows
454,birds
455,cats
456,vases
457,spiders
458,dogs
459,spiders
460,cows
461,cakes
462,snakes
463,elephants
464,handguns
465,spiders
466,spiders
467,horses
468,cats
469,lipsticks
470,spiders
471,ducks
472,snakes
473,dogs
474,chickens
475,snakes
476,cows
477,elephants
478,ducks
479,bottles
480,horses
481,dogs
482,spiders
483,cows
484,breads
485,elephants
486,breads
487,spiders
488,vases
489,lions
490,lions
491,cats
492,horses
493,chickens
494,spiders
495,snakes
496,lipsticks
497,cats
498,cats
499,bottles
500,horses
501,butterflies
502,cakes
503,cows
504,vases
505,dogs
506,vases
507,birds
508,cakes
509,butterflies
510,snakes
511,cakes
512,horses
513,horses
514,elephants
515,lipsticks
516,elephants
517,butterflies
518,butterflies
519,elephants
520,cows
521,breads
522,bottles
523,seals
524,dogs
525,horses
526,dogs
527,chickens
528,handguns
529,cows
530,cows
531,dogs
532,spiders
533,spiders
534,elephants
535,cats
536,snakes
537,elephants
538,chickens
539,cats
540,horses
541,chickens
542,handguns
543,butterflies
544,breads
545,chickens
546,spiders
547,birds
548,elephants
549,lipsticks
550,elephants
551,lipsticks
552,handguns
553,fishes
554,butterflies
555,birds
556,cows
557,elephants
558,breads
559,snakes
560,horses
561,breads
562,cats
563,horses
564,birds
565,bottles
566,chickens
567,chickens
568,butterflies
569,chickens
570,dogs
571,cows
572,elephants
573,bottles
574,cows
575,cows
576,chickens
577,cats
578,vases
579,ducks
580,chickens
581,elephants
582,dogs
583,cats
584,chickens
585,seals
586,spiders
587,spiders
588,butterflies
589,dogs
590,seals
591,spiders
592,bottles
593,breads
594,bottles
595,butterflies
596,elephants
597,handguns
598,snakes
599,cakes
600,butterflies
601,elephants
602,cats
603,dogs
604,cows
605,cakes
606,elephants
607,seals
608,dogs
609,elephants
610,cats
611,handguns
612,breads
613,chickens
614,snakes
615,butterflies
616,elephants
617,snakes
618,cats
619,spiders
620,butterflies
621,seals
622,spiders
623,seals
624,horses
625,horses
626,lipsticks
627,spiders
628,breads
629,lions
630,elephants
631,breads
632,vases
633,cats
634,chickens
635,elephants
636,seals
637,butterflies
638,horses
639,lions
640,elephants
641,cats
642,chickens
643,vases
644,handguns
645,seals
646,birds
647,elephants
648,horses
649,vases
650,dogs
651,ducks
652,cats
653,spiders
654,birds
655,cats
656,spiders
657,breads
658,dogs
659,breads
660,elephants
661,seals
662,cakes
663,breads
664,bottles
665,cows
666,cakes
667,breads
668,bottles
669,cats
670,bottles
671,chickens
672,elephants
673,snakes
674,handguns
675,dogs
676,cows
677,spiders
678,chickens
679,chickens
680,butterflies
681,dogs
682,snakes
683,horses
684,cakes
685,dogs
686,snakes
687,cats
688,seals
689,spiders
690,butterflies
691,vases
692,elephants
693,seals
694,butterflies
695,cats
696,cows
697,cows
698,spiders
699,spiders
700,handguns
701,spiders
702,chickens
703,handguns
704,spiders
705,elephants
706,birds
707,breads
708,chickens
709,butterflies
710,lions
711,spiders
712,cakes
713,spiders
714,lipsticks
715,birds
716,cats
717,dogs
718,birds
719,bottles
720,butterflies
721,cows
722,dogs
723,elephants
724,horses
725,bottles
726,vases
727,spiders
728,cows
729,spiders
730,dogs
731,cows
732,snakes
733,handguns
734,snakes
735,dogs
736,horses
737,spiders
738,horses
739,elephants
740,seals
741,elephants
742,elephants
743,cows
744,ducks
745,cats
746,spiders
747,ducks
748,vases
749,dogs
750,seals
751,cats
752,handguns
753,elephants
754,dogs
755,dogs
756,spiders
757,seals
758,ducks
759,vases
760,cakes
761,cows
762,elephants
763,butterflies
764,birds
765,bottles
766,lions
767,handguns
768,cows
769,cows
770,handguns
771,cows
772,vases
773,spiders
774,lions
775,chickens
776,ducks
777,chickens
778,ducks
779,snakes
780,elephants
781,cats
782,cows
783,cats
784,cats
785,lipsticks
786,fishes
787,butterflies
788,spiders
789,handguns
790,breads
791,elephants
792,spiders
793,handguns
794,elephants
795,butterflies
796,chickens
797,ducks
798,butterflies
799,cows
800,spiders
801,cats
802,seals
803,chickens
804,dogs
805,elephants
806,ducks
807,bottles
808,lipsticks
809,cats
810,cows
811,vases
812,dogs
813,handguns
814,cats
815,horses
816,horses
817,cows
818,cakes
819,chickens
820,horses
821,butterflies
822,cats
823,cows
824,handguns
825,bottles
826,spiders
827,butterflies
828,cats
829,cows
830,cats
831,dogs
832,cows
833,butterflies
834,breads
835,cats
836,handguns
837,cats
838,butterflies
839,lions
840,cows
841,spiders
842,cows
843,dogs
844,handguns
845,horses
846,spiders
847,elephants
848,cows
849,cats
850,lipsticks
851,dogs
852,lipsticks
853,horses
854,breads
855,dogs
856,spiders
857,butterflies
858,butterflies
859,cows
860,elephants
861,spiders
862,seals
863,dogs
864,bottles
865,cows
866,spiders
867,butterflies
868,elephants
869,cats
870,elephants
871,seals
872,dogs
873,ducks
874,butterflies
875,snakes
876,butterflies
877,butterflies
878,cats
879,butterflies
880,cats
881,dogs
882,seals
883,elephants
884,vases
885,cats
886,horses
887,breads
888,chickens
889,ducks
890,breads
891,butterflies
892,spiders
893,handguns
894,butterflies
895,chickens
896,horses
897,horses
898,butterflies
899,chickens
900,chickens
901,butterflies
902,ducks
903,horses
904,cats
905,handguns
906,spiders
907,cakes
908,dogs
909,chickens
910,elephants
911,cows
912,ducks
913,breads
914,fishes
915,vases
916,cats
917,butterflies
918,cows
919,seals
920,cats
921,cats
922,spiders
923,horses
924,horses
925,spiders
926,cats
927,cats
928,spiders
929,cakes
930,lipsticks
931,horses
932,ducks
933,spiders
934,birds
935,butterflies
936,handguns
937,breads
938,seals
939,horses
940,spiders
941,butterflies
942,cows
943,cows
944,chickens
945,chickens
946,butterflies
947,elephants
948,ducks
949,handguns
950,breads
951,cats
952,spiders
953,butterflies
954,chickens
955,spiders
956,butterflies
957,chickens
958,chickens
959,ducks
960,cows
961,breads
962,lions
963,vases
964,butterflies
965,horses
966,elephants
967,spiders
968,dogs
969,butterflies
970,lipsticks
971,cats
972,cats
973,chickens
974,vases
975,horses
976,handguns
977,fishes
978,chickens
979,cakes
980,horses
981,vases
982,chickens
983,lions
984,cats
985,chickens
986,elephants
987,cakes
988,cats
989,cows
990,chickens
991,horses
992,ducks
993,birds
994,snakes
995,elephants
996,birds
997,cows
998,lipsticks
999,elephants
1000,chickens
1001,spiders
1002,chickens
1003,elephants
1004,horses
1005,elephants
1006,bottles
1007,bottles
1008,horses
1009,spiders
1010,birds
1011,butterflies
1012,elephants
1013,lipsticks
1014,cakes
1015,ducks
1016,birds
1017,cats
1018,spiders
1019,chickens
1020,chickens
1021,dogs
1022,butterflies
1023,cows
1024,cats
1025,lions
1026,horses
1027,cows
1028,horses
1029,chickens
1030,seals
1031,chickens
1032,spiders
1033,breads
1034,elephants
1035,chickens
1036,horses
1037,ducks
1038,dogs
1039,butterflies
1040,cats
1041,chickens
1042,snakes
1043,bottles
1044,spiders
1045,snakes
1046,elephants
1047,breads
1048,cats
1049,lions
1050,lipsticks
1051,spiders
1052,handguns
1053,dogs
1054,horses
1055,cats
1056,cows
1057,breads
1058,butterflies
1059,fishes
1060,butterflies
1061,cows
1062,cows
1063,ducks
1064,dogs
1065,elephants
1066,seals
1067,cows
1068,butterflies
1069,spiders
1070,dogs
1071,bottles
1072,bottles
1073,cats
1074,lions
1075,seals
1076,cows
1077,cats
1078,ducks
1079,lipsticks
1080,cows
1081,dogs
1082,fishes
1083,chickens
1084,spiders
1085,cats
1086,fishes
1087,handguns
1088,chickens
1089,elephants
1090,horses
1091,elephants
1092,birds
1093,butterflies
1094,elephants
1095,butterflies
1096,spiders
1097,bottles
1098,cows
1099,cats
1100,butterflies
1101,chickens
1102,elephants
1103,cats
1104,cows
1105,elephants
1106,bottles
1107,spiders
1108,lipsticks
1109,cakes
1110,handguns
1111,handguns
1112,butterflies
1113,dogs
1114,spiders
1115,chickens
1116,elephants
1117,breads
1118,lions
1119,butterflies
1120,elephants
1121,seals
1122,cats
1123,birds
1124,handguns
1125,spiders
1126,elephants
1127,elephants
1128,spiders
1129,birds
1130,dogs
1131,breads
1132,cats
1133,elephants
1134,lions
1135,dogs
1136,horses
1137,chickens
1138,dogs
1139,elephants
1140,cows
1141,butterflies
1142,spiders
1143,vases
1144,cats
1145,butterflies
1146,cows
1147,dogs
1148,cows
1149,butterflies
1150,spiders
1151,cats
1152,cows
1153,lipsticks
1154,handguns
1155,lipsticks
1156,seals
1157,cats
1158,spiders
1159,chickens
1160,butterflies
1161,dogs
1162,cows
1163,vases
1164,fishes
1165,cats
1166,cows
1167,dogs
1168,horses
1169,bottles
1170,lions
1171,ducks
1172,cats
1173,lions
1174,dogs
1175,elephants
1176,cakes
1177,spiders
1178,elephants
1179,horses
1180,chickens
1181,cows
1182,dogs
1183,spiders
1184,dogs
1185,breads
1186,breads
1187,horses
1188,bottles
1189,spiders
1190,spiders
1191,cows
1192,lipsticks
1193,butterflies
1194,spiders
1195,elephants
1196,butterflies
1197,butterflies
1198,spiders
1199,butterflies
1200,vases
1201,snakes
1202,chickens
1203,chickens
1204,cats
1205,cows
1206,cakes
1207,elephants
1208,spiders
1209,bottles
1210,cows
1211,spiders
1212,horses
1213,cows
1214,dogs
1215,vases
1216,spiders
1217,chickens
1218,butterflies
1219,dogs
1220,dogs
1221,butterflies
1222,horses
1223,cows
1224,fishes
1225,seals
1226,spiders
1227,chickens
1228,elephants
1229,chickens
1230,birds
1231,breads
1232,butterflies
1233,cows
1234,cows
1235,horses
1236,cakes
1237,dogs
1238,cows
1239,chickens
1240,cats
1241,ducks
1242,butterflies
1243,dogs
1244,breads
1245,vases
1246,butterflies
1247,horses
1248,horses
1249,bottles
1250,lions
1251,dogs
1252,spiders
1253,butterflies
1254,elephants
1255,dogs
1256,cows
1257,vases
1258,vases
1259,chickens
1260,chickens
1261,ducks
1262,butterflies
1263,elephants
1264,breads
1265,cakes
1266,ducks
1267,spiders
1268,butterflies
1269,cats
1270,elephants
1271,butterflies
1272,horses
1273,seals
1274,butterflies
1275,snakes
1276,elephants
1277,vases
1278,butterflies
1279,horses
1280,spiders
1281,cows
1282,butterflies
1283,lipsticks
1284,vases
1285,cats
1286,seals
1287,butterflies
1288,fishes
1289,horses
1290,dogs
1291,chickens
1292,horses
1293,ducks
1294,spiders
1295,spiders
1296,snakes
1297,ducks
1298,seals
1299,lipsticks
1300,ducks
1301,seals
1302,chickens
1303,lions
1304,horses
1305,lions
1306,chickens
1307,spiders
1308,elephants
1309,cats
1310,cows
1311,cats
1312,dogs
1313,spiders
1314,spiders
1315,cats
1316,ducks
1317,spiders
1318,vases
1319,spiders
1320,cats
1321,bottles
1322,spiders
1323,horses
1324,horses
1325,elephants
1326,birds
1327,horses
1328,lipsticks
1329,butterflies
1330,butterflies
1331,elephants
1332,snakes
1333,lions
1334,cats
1335,cakes
1336,elephants
1337,spiders
1338,cows
1339,spiders
1340,vases
1341,spiders
1342,chickens
1343,dogs
1344,handguns
1345,cows
1346,butterflies
1347,breads
1348,seals
1349,spiders
1350,cats
1351,cats
1352,horses
1353,cows
1354,spiders
1355,spiders
1356,spiders
1357,vases
1358,elephants
1359,cats
1360,cows
1361,butterflies
1362,cows
1363,dogs
1364,lions
1365,snakes
1366,birds
1367,birds
1368,spiders
1369,lipsticks
1370,cows
1371,fishes
1372,chickens
1373,breads
1374,chickens
1375,cats
1376,breads
1377,elephants
1378,lions
1379,butterflies
1380,handguns
1381,elephants
1382,seals
1383,chickens
1384,cows
1385,chickens
1386,chickens
1387,cows
1388,chickens
1389,spiders
1390,cows
1391,dogs
1392,elephants
1393,spiders
1394,cows
1395,spiders
1396,breads
1397,dogs
1398,butterflies
1399,cows
1400,butterflies
1401,cats
1402,breads
1403,elephants
1404,elephants
1405,bottles
1406,dogs
1407,vases
1408,spiders
1409,horses
1410,chickens
1411,cakes
1412,seals
1413,chickens
1414,butterflies
1415,chickens
1416,cows
1417,fishes
1418,dogs
1419,chickens
1420,handguns
1421,dogs
1422,butterflies
1423,elephants
1424,chickens
1425,spiders
1426,chickens
1427,cats
1428,dogs
1429,cats
1430,elephants
1431,birds
1432,breads
1433,cows
1434,dogs
1435,butterflies
1436,chickens
1437,cakes
1438,bottles
1439,horses
1440,elephants
1441,cows
1442,cakes
1443,elephants
1444,horses
1445,spiders
1446,horses
1447,cows
1448,butterflies
1449,chickens
1450,dogs
1451,breads
1452,butterflies
1453,spiders
1454,dogs
1455,spiders
1456,vases
1457,butterflies
1458,butterflies
1459,elephants
1460,vases
1461,cakes
1462,elephants
1463,ducks
1464,breads
1465,butterflies
1466,cows
1467,elephants
1468,butterflies
1469,chickens
1470,horses
1471,lipsticks
1472,spiders
1473,butterflies
1474,chickens
1475,breads
1476,breads
1477,cats
1478,cows
1479,handguns
1480,birds
1481,dogs
1482,fishes
1483,elephants
1484,butterflies
1485,dogs
1486,spiders
1487,elephants
1488,elephants
1489,cats
1490,cats
1491,handguns
1492,spiders
1493,horses
1494,snakes
1495,dogs
1496,chickens
1497,butterflies
1498,cats
1499,spiders
1500,birds
1501,elephants
1502,horses
1503,lipsticks
1504,bottles
1505,spiders
1506,horses
1507,chickens
1508,cats
1509,cats
1510,cakes
1511,breads
1512,lipsticks
1513,elephants
1514,horses
1515,chickens
1516,birds
1517,cows
1518,fishes
1519,butterflies
1520,vases
1521,spiders
1522,vases
1523,fishes
1524,ducks
1525,birds
1526,spiders
1527,elephants
1528,cakes
1529,horses
1530,cats
1531,spiders
1532,ducks
1533,cats
1534,lipsticks
1535,elephants
1536,lipsticks
1537,dogs
1538,dogs
1539,chickens
1540,butterflies
1541,butterflies
1542,cows
1543,bottles
1544,dogs
1545,bottles
1546,snakes
1547,butterflies
1548,lipsticks
1549,spiders
1550,lipsticks
1551,dogs
1552,lipsticks
1553,dogs
1554,cats
1555,handguns
1556,dogs
1557,bottles
1558,horses
1559,elephants
1560,cakes
1561,lipsticks
1562,elephants
1563,dogs
1564,horses
1565,dogs
1566,cats
1567,chickens
1568,cakes
1569,chickens
1570,chickens
1571,elephants
1572,horses
1573,butterflies
1574,dogs
1575,spiders
1576,chickens
1577,dogs
1578,butterflies
1579,cows
1580,dogs
1581,chickens
1582,handguns
1583,chickens
1584,spiders
1585,snakes
1586,snakes
1587,cats
1588,snakes
1589,cats
1590,spiders
1591,cats
1592,spiders
1593,cows
1594,lipsticks
1595,elephants
1596,butterflies
1597,handguns
1598,chickens
1599,cows
1600,butterflies
1601,birds
1602,snakes
1603,bottles
1604,butterflies
1605,horses
1606,elephants
1607,spiders
1608,seals
1609,spiders
1610,horses
1611,handguns
1612,horses
1613,chickens
1614,elephants
1615,vases
1616,chickens
1617,chickens
1618,horses
1619,cats
1620,cats
1621,spiders
1622,cats
1623,cows
1624,elephants
1625,breads
1626,elephants
1627,ducks
1628,cows
1629,ducks
1630,bottles
1631,cows
1632,ducks
1633,horses
1634,butterflies
1635,elephants
1636,cows
1637,snakes
1638,fishes
1639,elephants
1640,dogs
1641,bottles
1642,elephants
1643,dogs
1644,horses
1645,chickens
1646,cows
1647,cows
1648,horses
1649,spiders
1650,elephants
1651,spiders
1652,snakes
1653,chickens
1654,snakes
1655,butterflies
1656,seals
1657,horses
1658,bottles
1659,spiders
1660,cows
1661,lipsticks
1662,chickens
1663,cats
1664,cows
1665,chickens
1666,spiders
1667,snakes
1668,cakes
1669,cats
1670,vases
1671,butterflies
1672,cats
1673,butterflies
1674,handguns
1675,elephants
1676,cows
1677,cats
1678,spiders
1679,cows
1680,ducks
1681,cows
1682,vases
1683,spiders
1684,lipsticks
1685,snakes
1686,elephants
1687,butterflies
1688,spiders
1689,spiders
1690,butterflies
1691,elephants
1692,chickens
1693,butterflies
1694,snakes
1695,snakes
1696,cows
1697,cats
1698,chickens
1699,elephants
1700,elephants
1701,elephants
1702,snakes
1703,lipsticks
1704,lipsticks
1705,vases
1706,snakes
1707,elephants
1708,chickens
1709,cats
1710,butterflies
1711,chickens
1712,handguns
1713,butterflies
1714,breads
1715,chickens
1716,cows
1717,dogs
1718,butterflies
1719,butterflies
1720,breads
1721,dogs
1722,elephants
1723,spiders
1724,lipsticks
1725,breads
1726,elephants
1727,dogs
1728,chickens
1729,ducks
1730,cows
1731,lions
1732,vases
1733,birds
1734,cats
1735,snakes
1736,vases
1737,chickens
1738,spiders
1739,cakes
1740,cakes
1741,breads
1742,elephants
1743,vases
1744,cows
1745,horses
1746,horses
1747,chickens
1748,cows
1749,cows
1750,chickens
1751,spiders
1752,butterflies
1753,seals
1754,cats
1755,vases
1756,chickens
1757,snakes
1758,butterflies
1759,elephants
1760,cakes
1761,cats
1762,cats
1763,seals
1764,spiders
1765,chickens
1766,chickens
1767,breads
1768,vases
1769,butterflies
1770,snakes
1771,butterflies
1772,cats
1773,elephants
1774,chickens
1775,cats
1776,cats
1777,elephants
1778,cows
1779,chickens
1780,seals
1781,chickens
1782,birds
1783,dogs
1784,cows
1785,elephants
1786,snakes
1787,breads
1788,birds
1789,chickens
1790,spiders
1791,breads
1792,fishes
1793,cows
1794,bottles
1795,ducks
1796,lipsticks
1797,butterflies
1798,chickens
1799,spiders
1800,cows
1801,lions
1802,seals
1803,butterflies
1804,elephants
1805,cows
1806,elephants
1807,handguns
1808,cats
1809,lipsticks
1810,seals
1811,chickens
1812,horses
1813,dogs
1814,horses
1815,elephants
1816,breads
1817,handguns
1818,dogs
1819,horses
1820,horses
1821,butterflies
1822,dogs
1823,elephants
1824,cats
1825,seals
1826,spiders
1827,bottles
1828,cows
1829,horses
1830,dogs
1831,seals
1832,handguns
1833,dogs
1834,chickens
1835,spiders
1836,breads
1837,elephants
1838,spiders
1839,breads
1840,elephants
1841,vases
1842,breads
1843,spiders
1844,lions
1845,cats
1846,spiders
1847,spiders
1848,cakes
1849,vases
1850,lipsticks
1851,spiders
1852,fishes
1853,bottles
1854,chickens
1855,cakes
1856,breads
1857,vases
1858,butterflies
1859,dogs
1860,dogs
1861,cows
1862,elephants
1863,breads
1864,chickens
1865,handguns
1866,bottles
1867,vases
1868,butterflies
1869,horses
1870,cows
1871,cakes
1872,cats
1873,vases
1874,horses
1875,dogs
1876,elephants
1877,birds
1878,spiders
1879,cats
1880,butterflies
1881,cats
1882,ducks
1883,snakes
1884,butterflies
1885,dogs
1886,lions
1887,dogs
1888,handguns
1889,butterflies
1890,dogs
1891,spiders
1892,dogs
1893,spiders
1894,cows
1895,breads
1896,handguns
1897,butterflies
1898,spiders
1899,snakes
1900,dogs
1901,cows
1902,horses
1903,horses
1904,chickens
1905,cows
1906,cows
1907,elephants
1908,butterflies
1909,snakes
1910,butterflies
1911,seals
1912,cats
1913,dogs
1914,seals
1915,lions
1916,elephants
1917,spiders
1918,cakes
1919,spiders
1920,fishes
1921,handguns
1922,birds
1923,cats
1924,vases
1925,snakes
1926,elephants
1927,cows
1928,chickens
1929,lipsticks
1930,dogs
1931,horses
1932,cows
1933,chickens
1934,vases
1935,ducks
1936,dogs
1937,spiders
1938,cows
1939,cats
1940,cows
1941,spiders
1942,cows
1943,cows
1944,ducks
1945,chickens
1946,birds
1947,butterflies
1948,bottles
1949,bottles
1950,chickens
1951,cats
1952,bottles
1953,cats
1954,spiders
1955,dogs
1956,dogs
1957,breads
1958,elephants
1959,breads
1960,elephants
1961,cats
1962,elephants
1963,cows
1964,snakes
1965,chickens
1966,chickens
1967,spiders
1968,cakes
1969,breads
1970,cats
1971,snakes
1972,breads
1973,seals
1974,ducks
1975,cats
1976,cows
1977,vases
1978,lions
1979,horses
1980,seals
1981,breads
1982,cows
1983,elephants
1984,chickens
1985,lipsticks
1986,chickens
1987,lipsticks
1988,dogs
1989,lipsticks
1990,dogs
1991,handguns
1992,butterflies
1993,cakes
1994,spiders
1995,elephants
1996,bottles
1997,cows
1998,dogs
1999,fishes
2000,birds
2001,birds
2002,snakes
2003,cats
2004,cats
2005,spiders
2006,horses
2007,cats
2008,elephants
2009,cows
2010,spiders
2011,spiders
2012,fishes
2013,butterflies
2014,elephants
2015,handguns
2016,fishes
2017,vases
2018,spiders
2019,cows
2020,lipsticks
2021,bottles
2022,horses
2023,dogs
2024,chickens
2025,bottles
2026,elephants
2027,handguns
2028,cats
2029,spiders
2030,butterflies
2031,horses
2032,butterflies
2033,cats
2034,handguns
2035,spiders
2036,dogs
2037,bottles
2038,fishes
2039,elephants
2040,ducks
2041,butterflies
2042,cakes
2043,cakes
2044,vases
2045,breads
2046,dogs
2047,spiders
2048,horses
2049,horses
2050,spiders
2051,vases
2052,handguns
2053,butterflies
2054,lipsticks
2055,dogs
2056,spiders
2057,cows
2058,chickens
2059,cats
2060,snakes
2061,handguns
2062,cats
2063,lipsticks
2064,breads
2065,bottles
2066,chickens
2067,dogs
2068,horses
2069,birds
2070,seals
2071,chickens
2072,elephants
2073,cats
2074,spiders
2075,butterflies
2076,cows
2077,cats
2078,seals
2079,dogs
2080,chickens
2081,handguns
2082,ducks
2083,elephants
2084,spiders
2085,cats
2086,butterflies
2087,ducks
2088,elephants
2089,spiders
2090,handguns
2091,spiders
2092,horses
2093,chickens
2094,elephants
2095,cows
2096,butterflies
2097,cows
2098,horses
2099,spiders
2100,elephants
2101,elephants
2102,butterflies
2103,cakes
2104,cakes
2105,handguns
2106,seals
2107,cats
2108,cats
2109,dogs
2110,spiders
2111,seals
2112,vases
2113,lipsticks
2114,cats
2115,cats
2116,chickens
2117,handguns
2118,butterflies
2119,snakes
2120,fishes
2121,chickens
2122,vases
2123,fishes
2124,cakes
2125,butterflies
2126,birds
2127,dogs
2128,elephants
2129,butterflies
2130,vases
2131,cows
2132,spiders
2133,fishes
2134,chickens
2135,dogs
2136,handguns
2137,cats
2138,bottles
2139,fishes
2140,snakes
2141,chickens
2142,chickens
2143,elephants
2144,horses
2145,horses
2146,chickens
2147,ducks
2148,ducks
2149,elephants
2150,elephants
2151,vases
2152,butterflies
2153,elephants
2154,vases
2155,cows
2156,horses
2157,elephants
2158,vases
2159,vases
2160,butterflies
2161,breads
2162,butterflies
2163,dogs
2164,elephants
2165,cats
2166,snakes
2167,breads
2168,horses
2169,elephants
2170,horses
2171,handguns
2172,handguns
2173,seals
2174,butterflies
2175,elephants
2176,spiders
2177,butterflies
2178,vases
2179,horses
2180,fishes
2181,vases
2182,cats
2183,horses
2184,vases
2185,breads
2186,dogs
2187,birds
2188,cats
2189,dogs
2190,snakes
2191,cows
2192,elephants
2193,lipsticks
2194,lipsticks
2195,cows
2196,ducks
2197,elephants
2198,ducks
2199,spiders
2200,birds
2201,cows
2202,snakes
2203,chickens
2204,elephants
2205,fishes
2206,cakes
2207,cows
2208,vases
2209,lipsticks
2210,spiders
2211,lipsticks
2212,elephants
2213,butterflies
2214,cats
2215,spiders
2216,spiders
2217,cats
2218,butterflies
2219,lipsticks
2220,cows
2221,lipsticks
2222,bottles
2223,cows
2224,butterflies
2225,cows
2226,horses
2227,cows
2228,cows
2229,fishes
2230,lions
2231,cats
2232,butterflies
2233,cows
2234,seals
2235,elephants
2236,dogs
2237,butterflies
2238,vases
2239,elephants
2240,dogs
2241,horses
2242,vases
2243,butterflies
2244,spiders
2245,dogs
2246,dogs
2247,seals
2248,horses
2249,lions
2250,chickens
2251,elephants
2252,spiders
2253,vases
2254,handguns
2255,ducks
2256,spiders
2257,seals
2258,butterflies
2259,butterflies
2260,dogs
2261,cows
2262,cows
2263,breads
2264,horses
2265,birds
2266,horses
2267,horses
2268,elephants
2269,horses
2270,breads
2271,ducks
2272,elephants
2273,breads
2274,spiders
2275,vases
2276,butterflies
2277,horses
2278,cats
2279,butterflies
2280,spiders
2281,lipsticks
2282,vases
2283,cows
2284,chickens
2285,butterflies
2286,vases
2287,cats
2288,chickens
2289,horses
2290,cats
2291,seals
2292,fishes
2293,elephants
2294,lipsticks
2295,snakes
2296,spiders
2297,vases
2298,bottles
2299,spiders
2300,bottles
2301,elephants
2302,cows
2303,butterflies
2304,butterflies
2305,chickens
2306,cows
2307,handguns
2308,butterflies
2309,horses
2310,butterflies
2311,lions
2312,ducks
2313,horses
2314,bottles
2315,chickens
2316,cats
2317,spiders
2318,horses
2319,cows
2320,chickens
2321,spiders
2322,elephants
2323,butterflies
2324,elephants
2325,chickens
2326,elephants
2327,chickens
2328,horses
2329,cats
2330,vases
2331,spiders
2332,cats
2333,bottles
2334,ducks
2335,elephants
2336,horses
2337,elephants
2338,birds
2339,chickens
2340,cats
2341,birds
2342,butterflies
2343,seals
2344,butterflies
2345,butterflies
2346,handguns
2347,cows
2348,cats
2349,lipsticks
2350,elephants
2351,horses
2352,horses
2353,seals
2354,dogs
2355,spiders
2356,cats
2357,cats
2358,horses
2359,horses
2360,seals
2361,elephants
2362,horses
2363,elephants
2364,elephants
2365,dogs
2366,chickens
2367,chickens
2368,butterflies
2369,handguns
2370,ducks
2371,seals
2372,ducks
2373,cats
2374,handguns
2375,seals
2376,spiders
2377,butterflies
2378,spiders
2379,spiders
2380,butterflies
2381,cows
2382,spiders
2383,lions
2384,cows
2385,cats
2386,lipsticks
2387,dogs
2388,cats
2389,horses
2390,cats
2391,chickens
2392,chickens
2393,chickens
2394,butterflies
2395,lipsticks
2396,snakes
2397,elephants
2398,dogs
2399,chickens
2400,dogs
2401,cows
2402,cows
2403,snakes
2404,elephants
2405,cats
2406,birds
2407,snakes
2408,elephants
2409,dogs
2410,chickens
2411,handguns
2412,cows
2413,chickens
2414,breads
2415,spiders
2416,fishes
2417,cats
2418,spiders
2419,handguns
2420,butterflies
2421,dogs
2422,spiders
2423,spiders
2424,lipsticks
2425,dogs
2426,snakes
2427,cats
2428,cows
2429,lipsticks
2430,spiders
2431,dogs
2432,cows
2433,cows
2434,cats
2435,cakes
2436,dogs
2437,handguns
2438,dogs
2439,breads
2440,horses
2441,bottles
2442,seals
2443,cats
2444,spiders
2445,breads
2446,elephants
2447,chickens
2448,chickens
2449,fishes
2450,elephants
2451,elephants
2452,horses
2453,spiders
2454,elephants
2455,cows
2456,cats
2457,seals
2458,dogs
2459,butterflies
2460,cows
2461,cats
2462,cows
2463,handguns
2464,butterflies
2465,elephants
2466,vases
2467,seals
2468,cows
2469,elephants
2470,horses
2471,horses
2472,chickens
2473,chickens
2474,butterflies
2475,fishes
2476,chickens
2477,spiders
2478,ducks
2479,breads
2480,ducks
2481,elephants
2482,cats
2483,cows
2484,chickens
2485,breads
2486,cows
2487,cows
2488,elephants
2489,chickens
2490,horses
2491,chickens
2492,lions
2493,spiders
2494,dogs
2495,cows
2496,bottles
2497,elephants
2498,chickens
2499,cats
2500,cats
2501,horses
2502,chickens
2503,ducks
2504,cows
2505,ducks
2506,handguns
2507,butterflies
2508,butterflies
2509,ducks
2510,cows
2511,elephants
2512,elephants
2513,cows
2514,vases
2515,cakes
2516,cows
2517,lipsticks
2518,seals
2519,chickens
2520,cats
2521,horses
2522,spiders
2523,chickens
2524,horses
2525,seals
2526,cows
2527,chickens
2528,dogs
2529,elephants
2530,cakes
2531,elephants
2532,spiders
2533,elephants
2534,elephants
2535,lipsticks
2536,horses
2537,horses
2538,spiders
2539,cows
2540,bottles
2541,horses
2542,spiders
2543,butterflies
2544,elephants
2545,vases
2546,breads
2547,bottles
2548,dogs
2549,fishes
2550,seals
2551,elephants
2552,cakes
2553,spiders
2554,bottles
2555,cats
2556,horses
2557,elephants
2558,chickens
2559,dogs
2560,lipsticks
2561,chickens
2562,seals
2563,birds
2564,dogs
2565,chickens
2566,chickens
2567,cows
2568,chickens
2569,seals
2570,elephants
2571,ducks
2572,handguns
2573,cats
2574,lipsticks
2575,spiders
2576,cats
2577,elephants
2578,cows
2579,butterflies
2580,chickens
2581,spiders
2582,snakes
2583,elephants
2584,lions
2585,vases
2586,bottles
2587,breads
2588,spiders
2589,cows
2590,chickens
2591,dogs
2592,seals
2593,bottles
2594,cows
2595,bottles
2596,cows
2597,spiders
2598,cows
2599,dogs
2600,elephants
2601,bottles
2602,birds
2603,cats
2604,elephants
2605,bottles
2606,lipsticks
2607,cats
2608,chickens
2609,birds
2610,chickens
2611,chickens
2612,butterflies
2613,bottles
2614,cows
2615,chickens
2616,snakes
2617,elephants
2618,lipsticks
2619,elephants
2620,spiders
2621,bottles
2622,cows
2623,elephants
2624,birds
2625,dogs
2626,snakes
2627,cows
2628,cows
2629,handguns
2630,handguns
2631,spiders
2632,elephants
2633,butterflies
2634,chickens
2635,birds
2636,ducks
2637,cats
2638,bottles
2639,elephants
2640,breads
2641,cows
2642,snakes
2643,dogs
2644,elephants
2645,elephants
2646,cats
2647,vases
2648,cats
2649,cows
2650,spiders
2651,chickens
2652,bottles
2653,elephants
2654,cakes
2655,butterflies
2656,cows
2657,lipsticks
2658,bottles
2659,lipsticks
2660,dogs
2661,bottles
2662,cows
2663,dogs
2664,fishes
2665,cats
2666,dogs
2667,cows
2668,elephants
2669,horses
2670,breads
2671,butterflies
2672,lions
2673,horses
2674,chickens
2675,lions
2676,spiders
2677,cows
2678,elephants
2679,chickens
2680,dogs
2681,vases
2682,snakes
2683,vases
2684,snakes
2685,spiders
2686,cats
2687,horses
2688,lipsticks
2689,ducks
2690,vases
2691,spiders
2692,cats
2693,vases
2694,spiders
2695,elephants
2696,cows
2697,chickens
2698,butterflies
2699,cows
2700,cows
2701,vases
2702,elephants
2703,snakes
2704,cats
2705,chickens
2706,handguns
2707,chickens
2708,elephants
2709,spiders
2710,horses
2711,chickens
2712,vases
2713,seals
2714,spiders
2715,cows
2716,birds
2717,dogs
2718,cows
2719,horses
2720,butterflies
2721,horses
2722,dogs
2723,cows
2724,cats
2725,horses
2726,cats
2727,cats
2728,lions
2729,snakes
2730,dogs
2731,butterflies
2732,cats
2733,spiders
2734,seals
2735,bottles
2736,spiders
2737,dogs
2738,cats
2739,spiders
2740,bottles
2741,cows
2742,vases
2743,ducks
2744,snakes
2745,spiders
2746,seals
2747,snakes
2748,handguns
2749,butterflies
2750,lions
2751,vases
2752,cats
2753,chickens
2754,snakes
2755,vases
2756,spiders
2757,vases
2758,breads
2759,lions
2760,fishes
2761,elephants
2762,butterflies
2763,butterflies
2764,cows
2765,chickens
2766,elephants
2767,chickens
2768,spiders
2769,spiders
2770,dogs
2771,cats
2772,breads
2773,birds
2774,elephants
2775,elephants
2776,dogs
2777,butterflies
2778,handguns
2779,cows
2780,cats
2781,spiders
2782,spiders
2783,butterflies
2784,cows
2785,bottles
2786,horses
2787,cats
2788,horses
2789,spiders
2790,ducks
2791,horses
2792,elephants
2793,cats
2794,spiders
2795,cats
2796,chickens
2797,lipsticks
2798,spiders
2799,handguns
2800,vases
2801,horses
2802,bottles
2803,cows
2804,dogs
2805,horses
2806,birds
2807,butterflies
2808,spiders
2809,cakes
2810,dogs
2811,chickens
2812,elephants
2813,cows
2814,spiders
2815,bottles
2816,butterflies
2817,horses
2818,lions
2819,fishes
2820,cats
2821,chickens
2822,seals
2823,elephants
2824,vases
2825,dogs
2826,horses
2827,cows
2828,horses
2829,lipsticks
2830,cats
2831,chickens
2832,butterflies
2833,bottles
2834,lipsticks
2835,horses
2836,lipsticks
2837,lipsticks
2838,cats
2839,spiders
2840,cakes
2841,snakes
2842,spiders
2843,chickens
2844,elephants
2845,elephants
2846,birds
2847,butterflies
2848,horses
2849,lions
2850,handguns
2851,horses
2852,butterflies
2853,elephants
2854,dogs
2855,birds
2856,seals
2857,cows
2858,vases
2859,cats
2860,handguns
2861,butterflies
2862,spiders
2863,vases
2864,chickens
2865,elephants
2866,horses
2867,dogs
2868,cats
2869,cows
2870,birds
2871,cats
2872,spiders
2873,cats
2874,cats
2875,elephants
2876,dogs
2877,birds
2878,lipsticks
2879,dogs
2880,cows
2881,cats
2882,cats
2883,birds
2884,spiders
2885,elephants
2886,dogs
2887,elephants
2888,elephants
2889,birds
2890,bottles
2891,seals
2892,birds
2893,spiders
2894,seals
2895,cows
2896,handguns
2897,birds
2898,birds
2899,breads
2900,cakes
2901,handguns
2902,vases
2903,horses
2904,elephants
2905,snakes
2906,butterflies
2907,cats
2908,breads
2909,snakes
2910,dogs
2911,lipsticks
2912,lipsticks
2913,cows
2914,fishes
2915,cows
2916,horses
2917,dogs
2918,chickens
2919,elephants
2920,butterflies
2921,lipsticks
2922,fishes
2923,cows
2924,cows
2925,dogs
2926,cows
2927,ducks
2928,chickens
2929,cats
2930,cows
2931,seals
2932,cakes
2933,spiders
2934,chickens
2935,seals
2936,chickens
2937,butterflies
2938,breads
2939,breads
2940,dogs
2941,breads
2942,chickens
2943,snakes
2944,butterflies
2945,cats
2946,horses
2947,fishes
2948,spiders
2949,birds
2950,bottles
2951,handguns
2952,elephants
2953,chickens
2954,dogs
2955,cats
2956,horses
2957,cats
2958,cats
2959,cows
2960,bottles
2961,spiders
2962,dogs
2963,dogs
2964,elephants
2965,cats
2966,spiders
2967,horses
2968,cows
2969,elephants
2970,horses
2971,elephants
2972,cats
2973,seals
2974,vases
2975,chickens
2976,cats
2977,elephants
2978,cakes
2979,bottles
2980,butterflies
2981,spiders
2982,cows
2983,bottles
2984,spiders
2985,butterflies
2986,butterflies
2987,bottles
2988,butterflies
2989,butterflies
2990,spiders
2991,elephants
2992,cats
2993,dogs
2994,butterflies
2995,dogs
2996,butterflies
2997,spiders
2998,cows
2999,horses
3000,cats
3001,spiders
3002,spiders
3003,spiders
3004,elephants
3005,cats
3006,birds
3007,fishes
3008,spiders
3009,cows
3010,cows
3011,birds
3012,cats
3013,chickens
3014,cows
3015,chickens
3016,ducks
3017,bottles
3018,dogs
3019,elephants
3020,elephants
3021,vases
3022,birds
3023,cows
3024,chickens
3025,vases
3026,spiders
3027,birds
3028,cats
3029,cakes
3030,butterflies
3031,dogs
3032,breads
3033,cows
3034,seals
3035,butterflies
3036,cows
3037,handguns
3038,snakes
3039,cows
3040,chickens
3041,snakes
3042,chickens
3043,spiders
3044,cats
3045,spiders
3046,elephants
3047,spiders
3048,breads
3049,elephants
3050,elephants
3051,snakes
3052,butterflies
3053,cats
3054,butterflies
3055,dogs
3056,vases
3057,cakes
3058,dogs
3059,vases
3060,fishes
3061,cows
3062,cats
3063,spiders
3064,cats
3065,spiders
3066,horses
3067,elephants
3068,elephants
3069,elephants
3070,cakes
3071,horses
3072,butterflies
3073,birds
3074,cats
3075,cakes
3076,chickens
3077,bottles
3078,cats
3079,dogs
3080,cows
3081,cats
3082,lions
3083,horses
3084,cats
3085,snakes
3086,chickens
3087,cats
3088,elephants
3089,dogs
3090,spiders
3091,fishes
3092,cows
3093,spiders
3094,elephants
3095,chickens
3096,butterflies
3097,cakes
3098,handguns
3099,cows
3100,seals
3101,lions
3102,spiders
3103,elephants
3104,vases
3105,chickens
3106,spiders
3107,cats
3108,cats
3109,ducks
3110,elephants
3111,cats
3112,birds
3113,spiders
3114,cats
3115,cats
3116,breads
3117,cows
3118,breads
3119,cows
3120,chickens
3121,butterflies
3122,elephants
3123,butterflies
3124,elephants
3125,cats
3126,dogs
3127,vases
3128,bottles
3129,breads
3130,chickens
3131,elephants
3132,spiders
3133,spiders
3134,bottles
3135,dogs
3136,seals
3137,chickens
3138,dogs
3139,horses
3140,spiders
3141,spiders
3142,cats
3143,seals
3144,cats
3145,bottles
3146,dogs
3147,vases
3148,cats
3149,birds
3150,cows
3151,spiders
3152,birds
3153,spiders
3154,butterflies
3155,cows
3156,chickens
3157,butterflies
3158,dogs
3159,lions
3160,cats
3161,birds
3162,ducks
3163,horses
3164,cows
3165,horses
3166,elephants
3167,horses
3168,dogs
3169,dogs
3170,dogs
3171,snakes
3172,butterflies
3173,chickens
3174,cows
3175,ducks
3176,cats
3177,butterflies
3178,horses
3179,cats
3180,birds
3181,cows
3182,lipsticks
3183,spiders
3184,breads
3185,cows
3186,horses
3187,chickens
3188,dogs
3189,cats
3190,butterflies
3191,butterflies
3192,cows
3193,breads
3194,cows
3195,seals
3196,cows
3197,breads
3198,cats
3199,butterflies
3200,cats
3201,cows
3202,bottles
3203,cows
3204,cats
3205,dogs
3206,cats
3207,handguns
3208,spiders
3209,dogs
3210,seals
3211,butterflies
3212,cats
3213,lipsticks
3214,cats
3215,dogs
3216,birds
3217,dogs
3218,lipsticks
3219,spiders
3220,elephants
3221,cats
3222,elephants
3223,chickens
3224,cakes
3225,chickens
3226,cats
3227,spiders
3228,horses
3229,elephants
3230,spiders
3231,breads
3232,dogs
3233,chickens
3234,spiders
3235,lipsticks
3236,spiders
3237,elephants
3238,chickens
3239,cows
3240,spiders
3241,horses
3242,ducks
3243,butterflies
3244,elephants
3245,butterflies
3246,cows
3247,dogs
3248,cows
3249,chickens
3250,cats
3251,cows
3252,cows
3253,handguns
3254,butterflies
3255,cakes
3256,elephants
3257,chickens
3258,horses
3259,spiders
3260,horses
3261,dogs
3262,dogs
3263,fishes
3264,horses
3265,chickens
3266,elephants
3267,horses
3268,vases
3269,bottles
3270,cows
3271,lipsticks
3272,elephants
3273,cats
3274,cows
3275,horses
3276,lipsticks
3277,cats
3278,cats
3279,birds
3280,butterflies
3281,cows
3282,handguns
3283,cows
3284,vases
3285,lions
3286,cows
3287,breads
3288,spiders
3289,breads
3290,horses
3291,handguns
3292,bottles
3293,ducks
3294,cows
3295,elephants
3296,spiders
3297,chickens
3298,cats
3299,elephants
3300,elephants
3301,elephants
3302,cakes
3303,vases
3304,handguns
3305,cats
3306,chickens
3307,butterflies
3308,vases
3309,chickens
3310,chickens
3311,chickens
3312,cows
3313,ducks
3314,spiders
3315,horses
3316,butterflies
3317,cows
3318,ducks
3319,cats
3320,breads
3321,ducks
3322,snakes
3323,birds
3324,handguns
3325,chickens
3326,elephants
3327,butterflies
3328,spiders
3329,dogs
3330,spiders
3331,lipsticks
3332,chickens
3333,ducks
3334,cakes
3335,cats
3336,elephants
3337,seals
3338,ducks
3339,elephants
3340,cows
3341,spiders
3342,cakes
3343,seals
3344,chickens
3345,cats
3346,butterflies
3347,horses
3348,cows
3349,cats
3350,handguns
3351,spiders
3352,butterflies
3353,ducks
3354,dogs
3355,spiders
3356,lipsticks
3357,cats
3358,chickens
3359,cats
3360,cows
3361,cows
3362,elephants
3363,cows
3364,chickens
3365,lipsticks
3366,cats
3367,butterflies
3368,chickens
3369,ducks
3370,breads
3371,cats
3372,spiders
3373,elephants
3374,butterflies
3375,elephants
3376,spiders
3377,cows
3378,spiders
3379,ducks
3380,cows
3381,lipsticks
3382,horses
3383,elephants
3384,dogs
3385,elephants
3386,lions
3387,butterflies
3388,breads
3389,birds
3390,butterflies
3391,lipsticks
3392,chickens
3393,butterflies
3394,vases
3395,birds
3396,dogs
3397,chickens
3398,vases
3399,cats
3400,cats
3401,elephants
3402,spiders
3403,elephants
3404,cows
3405,horses
3406,butterflies
3407,dogs
3408,chickens
3409,dogs
3410,spiders
3411,fishes
3412,chickens
3413,butterflies
3414,dogs
3415,cows
3416,elephants
3417,elephants
3418,butterflies
3419,ducks
3420,butterflies
3421,elephants
3422,chickens
3423,ducks
3424,cats
3425,cakes
3426,spiders
3427,spiders
3428,butterflies
3429,cats
3430,chickens
3431,elephants
3432,seals
3433,elephants
3434,butterflies
3435,spiders
3436,cakes
3437,horses
3438,chickens
3439,cats
3440,dogs
3441,butterflies
3442,elephants
3443,dogs
3444,dogs
3445,vases
3446,spiders
3447,spiders
3448,elephants
3449,cats
3450,chickens
3451,elephants
3452,vases
3453,fishes
3454,lipsticks
3455,elephants
3456,chickens
3457,chickens
3458,seals
3459,spiders
3460,cakes
3461,spiders
3462,butterflies
3463,bottles
3464,cows
3465,cats
3466,fishes
3467,elephants
3468,elephants
3469,snakes
3470,cakes
3471,spiders
3472,horses
3473,horses
3474,ducks
3475,cakes
3476,spiders
3477,spiders
3478,chickens
3479,chickens
3480,cats
3481,ducks
3482,vases
3483,snakes
3484,chickens
3485,cows
3486,horses
3487,spiders
3488,butterflies
3489,lipsticks
3490,vases
3491,spiders
3492,cakes
3493,vases
3494,cakes
3495,elephants
3496,cows
3497,lions
3498,elephants
3499,spiders
3500,dogs
3501,snakes
3502,spiders
3503,horses
3504,elephants
3505,butterflies
3506,dogs
3507,birds
3508,snakes
3509,breads
3510,horses
3511,chickens
3512,ducks
3513,elephants
3514,cows
3515,seals
3516,ducks
3517,elephants
3518,butterflies
3519,fishes
3520,spiders
3521,chickens
3522,fishes
3523,cakes
3524,cows
3525,ducks
3526,horses
3527,cats
3528,chickens
3529,bottles
3530,cows
3531,spiders
3532,chickens
3533,spiders
3534,cats
3535,bottles
3536,elephants
3537,cakes
3538,ducks
3539,butterflies
3540,lipsticks
3541,chickens
3542,dogs
3543,snakes
3544,cats
3545,elephants
3546,handguns
3547,breads
3548,chickens
3549,spiders
3550,spiders
3551,butterflies
3552,elephants
3553,vases
3554,bottles
3555,snakes
3556,bottles
3557,dogs
3558,spiders
3559,breads
3560,lions
3561,cows
3562,chickens
3563,cakes
3564,butterflies
3565,seals
3566,vases
3567,horses
3568,breads
3569,chickens
3570,cows
3571,butterflies
3572,butterflies
3573,snakes
3574,butterflies
3575,chickens
3576,vases
3577,birds
3578,snakes
3579,chickens
3580,snakes
3581,fishes
3582,cows
3583,elephants
3584,cats
3585,cows
3586,dogs
3587,snakes
3588,horses
3589,cows
3590,cows
3591,elephants
3592,chickens
3593,elephants
3594,horses
3595,vases
3596,cats
3597,butterflies
3598,cats
3599,horses
3600,vases
3601,chickens
3602,elephants
3603,butterflies
3604,spiders
3605,elephants
3606,cats
3607,chickens
3608,butterflies
3609,elephants
3610,cats
3611,butterflies
3612,cats
3613,butterflies
3614,elephants
3615,handguns
3616,spiders
3617,vases
3618,vases
3619,seals
3620,cows
3621,lions
3622,cats
3623,elephants
3624,breads
3625,breads
3626,cats
3627,cows
3628,bottles
3629,fishes
3630,cows
3631,bottles
3632,spiders
3633,snakes
3634,dogs
3635,cats
3636,cows
3637,cats
3638,horses
3639,birds
3640,spiders
3641,dogs
3642,horses
3643,elephants
3644,cakes
3645,seals
3646,dogs
3647,horses
3648,spiders
3649,cats
3650,elephants
3651,cats
3652,chickens
3653,elephants
3654,bottles
3655,spiders
3656,breads
3657,vases
3658,chickens
3659,cakes
3660,spiders
3661,vases
3662,spiders
3663,cows
3664,snakes
3665,cows
3666,cats
3667,butterflies
3668,spiders
3669,elephants
3670,chickens
3671,cakes
3672,horses
3673,chickens
3674,spiders
3675,cows
3676,chickens
3677,elephants
3678,butterflies
3679,cakes
3680,vases
3681,snakes
3682,vases
3683,spiders
3684,cows
3685,butterflies
3686,chickens
3687,vases
3688,lipsticks
3689,spiders
3690,chickens
3691,elephants
3692,birds
3693,breads
3694,elephants
3695,dogs
3696,spiders
3697,elephants
3698,bottles
3699,cows
3700,lipsticks
3701,fishes
3702,cows
3703,dogs
3704,horses
3705,cats
3706,cows
3707,spiders
3708,horses
3709,dogs
3710,handguns
3711,cats
3712,ducks
3713,chickens
3714,dogs
3715,elephants
3716,butterflies
3717,vases
3718,elephants
3719,cows
3720,cows
3721,horses
3722,breads
3723,ducks
3724,birds
3725,ducks
3726,dogs
3727,chickens
3728,ducks
3729,spiders
3730,fishes
3731,spiders
3732,spiders
3733,cows
3734,cakes
3735,elephants
3736,cats
3737,butterflies
3738,cats
3739,birds
3740,spiders
3741,spiders
3742,butterflies
3743,cats
3744,dogs
3745,spiders
3746,dogs
3747,seals
3748,cats
3749,cats
3750,cows
3751,dogs
3752,breads
3753,ducks
3754,horses
3755,elephants
3756,birds
3757,cakes
3758,elephants
3759,birds
3760,butterflies
3761,horses
3762,butterflies
3763,cats
3764,cakes
3765,butterflies
3766,seals
3767,dogs
3768,cats
3769,vases
3770,birds
3771,ducks
3772,butterflies
3773,butterflies
3774,seals
3775,lipsticks
3776,spiders
3777,bottles
3778,ducks
3779,butterflies
3780,elephants
3781,cows
3782,lions
3783,bottles
3784,fishes
3785,cats
3786,snakes
3787,vases
3788,butterflies
3789,cats
3790,butterflies
3791,butterflies
3792,elephants
3793,elephants
3794,snakes
3795,seals
3796,cats
3797,seals
3798,bottles
3799,cows
3800,spiders
3801,butterflies
3802,chickens
3803,horses
3804,elephants
3805,cows
3806,horses
3807,horses
3808,spiders
3809,cats
3810,elephants
3811,horses
3812,dogs
3813,cakes
3814,spiders
3815,bottles
3816,butterflies
3817,spiders
3818,elephants
3819,cakes
3820,dogs
3821,cats
3822,cats
3823,seals
3824,cats
3825,chickens
3826,chickens
3827,chickens
3828,cows
3829,cats
3830,elephants
3831,spiders
3832,dogs
3833,elephants
3834,breads
3835,handguns
3836,vases
3837,cats
3838,vases
3839,cats
3840,ducks
3841,butterflies
3842,elephants
3843,chickens
3844,seals
3845,bottles
3846,butterflies
3847,cats
3848,cats
3849,butterflies
3850,butterflies
3851,bottles
3852,spiders
3853,cows
3854,handguns
3855,spiders
3856,elephants
3857,vases
3858,vases
3859,snakes
3860,birds
3861,cats
3862,butterflies
3863,cats
3864,horses
3865,snakes
3866,horses
3867,dogs
3868,cows
3869,cats
3870,dogs
3871,horses
3872,spiders
3873,cakes
3874,butterflies
3875,horses
3876,bottles
3877,snakes
3878,bottles
3879,cats
3880,cows
3881,spiders
3882,chickens
3883,dogs
3884,spiders
3885,cats
3886,cats
3887,elephants
3888,ducks
3889,dogs
3890,cows
3891,breads
3892,elephants
3893,dogs
3894,butterflies
3895,cows
3896,cats
3897,seals
3898,butterflies
3899,cakes
3900,cows
3901,elephants
3902,fishes
3903,vases
3904,butterflies
3905,butterflies
3906,spiders
3907,elephants
3908,dogs
3909,dogs
3910,cakes
3911,elephants
3912,chickens
3913,spiders
3914,chickens
3915,lipsticks
3916,ducks
3917,cows
3918,lipsticks
3919,handguns
3920,spiders
3921,cows
3922,butterflies
3923,horses
3924,chickens
3925,ducks
3926,cats
3927,dogs
3928,snakes
3929,chickens
3930,elephants
3931,cats
3932,cows
3933,dogs
3934,chickens
3935,horses
3936,dogs
3937,spiders
3938,dogs
3939,spiders
3940,seals
3941,seals
3942,elephants
3943,cats
3944,cows
3945,elephants
3946,elephants
3947,seals
3948,lipsticks
3949,cats
3950,cows
3951,cows
3952,ducks
3953,chickens
3954,lions
3955,horses
3956,cows
3957,elephants
3958,seals
3959,cows
3960,elephants
3961,cats
3962,cats
3963,chickens
3964,spiders
3965,spiders
3966,ducks
3967,ducks
3968,dogs
3969,spiders
3970,bottles
3971,lions
3972,cats
3973,spiders
3974,seals
3975,seals
3976,horses
3977,elephants
3978,breads
3979,ducks
3980,cats
3981,butterflies
3982,chickens
3983,lipsticks
3984,cows
3985,cows
3986,elephants
3987,birds
3988,horses
3989,cows
3990,cats
3991,dogs
3992,vases
3993,dogs
3994,butterflies
3995,chickens
3996,cows
3997,birds
3998,vases
3999,seals
4000,vases
4001,lipsticks
4002,ducks
4003,chickens
4004,breads
4005,bottles
4006,spiders
4007,spiders
4008,butterflies
4009,cows
4010,fishes
4011,dogs
4012,birds
4013,elephants
4014,chickens
4015,fishes
4016,lions
4017,butterflies
4018,lipsticks
4019,cows
4020,elephants
4021,handguns
4022,dogs
4023,cows
4024,cats
4025,spiders
4026,lipsticks
4027,butterflies
4028,chickens
4029,cows
4030,breads
4031,butterflies
4032,elephants
4033,cakes
4034,snakes
4035,chickens
4036,dogs
4037,cakes
4038,butterflies
4039,dogs
4040,dogs
4041,dogs
4042,fishes
4043,cats
4044,spiders
4045,cats
4046,vases
4047,cakes
4048,ducks
4049,vases
4050,cows
4051,vases
4052,elephants
4053,seals
4054,spiders
4055,snakes
4056,elephants
4057,butterflies
4058,snakes
4059,butterflies
4060,cakes
4061,fishes
4062,chickens
4063,breads
4064,cows
4065,cows
4066,spiders
4067,ducks
4068,cows
4069,snakes
4070,spiders
4071,elephants
4072,chickens
4073,chickens
4074,elephants
4075,birds
4076,butterflies
4077,seals
4078,spiders
4079,birds
4080,elephants
4081,elephants
4082,cows
4083,chickens
4084,cats
4085,birds
4086,handguns
4087,vases
4088,butterflies
4089,elephants
4090,breads
4091,handguns
4092,spiders
4093,cows
4094,fishes
4095,cakes
4096,snakes
4097,elephants
4098,spiders
4099,seals
4100,dogs
4101,elephants
4102,birds
4103,lipsticks
4104,elephants
4105,cats
4106,horses
4107,chickens
4108,horses
4109,horses
4110,fishes
4111,cows
4112,chickens
4113,handguns
4114,butterflies
4115,birds
4116,cows
4117,spiders
4118,cows
4119,dogs
4120,breads
4121,snakes
4122,butterflies
4123,birds
4124,seals
4125,seals
4126,chickens
4127,spiders
4128,snakes
4129,dogs
4130,elephants
4131,cows
4132,cats
4133,dogs
4134,horses
4135,cats
4136,ducks
4137,handguns
4138,cows
4139,horses
4140,cows
4141,birds
4142,cows
4143,cats
4144,horses
4145,butterflies
4146,vases
4147,dogs
4148,bottles
4149,dogs
4150,snakes
4151,ducks
4152,dogs
4153,cats
4154,spiders
4155,spiders
4156,bottles
4157,cows
4158,dogs
4159,breads
4160,cows
4161,breads
4162,dogs
4163,dogs
4164,cats
4165,dogs
4166,horses
4167,horses
4168,cats
4169,elephants
4170,lipsticks
4171,cats
4172,cows
4173,cats
4174,cats
4175,elephants
4176,chickens
4177,spiders
4178,cakes
4179,chickens
4180,horses
4181,elephants
4182,dogs
4183,cats
4184,chickens
4185,elephants
4186,elephants
4187,dogs
4188,dogs
4189,bottles
4190,bottles
4191,chickens
4192,horses
4193,snakes
4194,elephants
4195,spiders
4196,chickens
4197,cats
4198,spiders
4199,cows
4200,butterflies
4201,handguns
4202,horses
4203,vases
4204,elephants
4205,snakes
4206,cows
4207,ducks
4208,cats
4209,ducks
4210,horses
4211,snakes
4212,fishes
4213,vases
4214,lipsticks
4215,elephants
4216,cats
4217,cows
4218,ducks
4219,butterflies
4220,seals
4221,lipsticks
4222,spiders
4223,spiders
4224,chickens
4225,breads
4226,cats
4227,chickens
4228,butterflies
4229,ducks
4230,chickens
4231,bottles
4232,butterflies
4233,dogs
4234,cats
4235,handguns
4236,butterflies
4237,breads
4238,cats
4239,cakes
4240,horses
4241,seals
4242,ducks
4243,dogs
4244,cats
4245,breads
4246,spiders
4247,cats
4248,chickens
4249,chickens
4250,seals
4251,lipsticks
4252,cakes
4253,elephants
4254,butterflies
4255,horses
4256,cows
4257,dogs
4258,horses
4259,vases
4260,handguns
4261,vases
4262,chickens
4263,cakes
4264,spiders
4265,breads
4266,cows
4267,seals
4268,seals
4269,butterflies
4270,lipsticks
4271,cows
4272,spiders
4273,seals
4274,seals
4275,horses
4276,chickens
4277,cats
4278,butterflies
4279,spiders
4280,cakes
4281,chickens
4282,butterflies
4283,dogs
4284,elephants
4285,cows
4286,lipsticks
4287,seals
4288,lions
4289,breads
4290,breads
4291,horses
4292,cows
4293,seals
4294,elephants
4295,cows
4296,snakes
4297,elephants
4298,lipsticks
4299,bottles
4300,bottles
4301,seals
4302,birds
4303,vases
4304,cats
4305,chickens
4306,butterflies
4307,spiders
4308,bottles
4309,snakes
4310,elephants
4311,cakes
4312,lipsticks
4313,spiders
4314,spiders
4315,birds
4316,chickens
4317,lipsticks
4318,lipsticks
4319,bottles
4320,elephants
4321,spiders
4322,bottles
4323,ducks
4324,chickens
4325,cats
4326,chickens
4327,butterflies
4328,lipsticks
4329,cakes
4330,elephants
4331,cats
4332,bottles
4333,lipsticks
4334,horses
4335,chickens
4336,cats
4337,breads
4338,cats
4339,birds
4340,elephants
4341,lions
4342,chickens
4343,cats
4344,elephants
4345,elephants
4346,chickens
4347,handguns
4348,spiders
4349,dogs
4350,seals
4351,ducks
4352,breads
4353,cows
4354,cows
4355,cats
4356,butterflies
4357,cows
4358,spiders
4359,elephants
4360,fishes
4361,spiders
4362,cows
4363,vases
4364,breads
4365,cows
4366,cats
4367,horses
4368,bottles
4369,spiders
4370,cows
4371,horses
4372,cakes
4373,cows
4374,fishes
4375,horses
4376,horses
4377,elephants
4378,fishes
4379,elephants
4380,cows
4381,spiders
4382,dogs
4383,breads
4384,elephants
4385,butterflies
4386,dogs
4387,spiders
4388,elephants
4389,dogs
4390,cats
4391,snakes
4392,vases
4393,butterflies
4394,cows
4395,cows
4396,spiders
4397,dogs
4398,cakes
4399,cats
4400,lions
4401,birds
4402,cats
4403,elephants
4404,butterflies
4405,elephants
4406,cows
4407,horses
4408,elephants
4409,butterflies
4410,chickens
4411,chickens
4412,spiders
4413,cows
4414,dogs
4415,chickens
4416,spiders
4417,cats
4418,butterflies
4419,dogs
4420,butterflies
4421,lions
4422,cows
4423,cats
4424,snakes
4425,seals
4426,handguns
4427,spiders
4428,dogs
4429,breads
4430,spiders
4431,horses
4432,horses
4433,seals
4434,dogs
4435,butterflies
4436,cats
4437,dogs
4438,snakes
4439,spiders
4440,dogs
4441,seals
4442,chickens
4443,seals
4444,cats
4445,seals
4446,elephants
4447,dogs
4448,cows
4449,spiders
4450,seals
4451,lipsticks
4452,handguns
4453,breads
4454,lipsticks
4455,cats
4456,cows
4457,horses
4458,fishes
4459,breads
4460,chickens
4461,spiders
4462,cows
4463,elephants
4464,cats
4465,vases
4466,birds
4467,dogs
4468,spiders
4469,bottles
4470,seals
4471,cows
4472,elephants
4473,cakes
4474,elephants
4475,handguns
4476,horses
4477,handguns
4478,bottles
4479,handguns
4480,cows
4481,butterflies
4482,dogs
4483,cows
4484,cows
4485,elephants
4486,seals
4487,breads
4488,dogs
4489,cows
4490,dogs
4491,elephants
4492,cows
4493,butterflies
4494,snakes
4495,cows
4496,butterflies
4497,lipsticks
4498,spiders
4499,elephants
4500,cakes
4501,bottles
4502,birds
4503,lipsticks
4504,elephants
4505,cats
4506,elephants
4507,cows
4508,cows
4509,breads
4510,spiders
4511,dogs
4512,dogs
4513,seals
4514,chickens
4515,spiders
4516,spiders
4517,spiders
4518,lions
4519,spiders
4520,spiders
4521,elephants
4522,cakes
4523,lions
4524,butterflies
4525,chickens
4526,butterflies
4527,birds
4528,chickens
4529,chickens
4530,ducks
4531,chickens
4532,vases
4533,spiders
4534,butterflies
4535,ducks
4536,butterflies
4537,cows
4538,cows
4539,snakes
4540,cakes
4541,spiders
4542,vases
4543,lipsticks
4544,elephants
4545,dogs
4546,cows
4547,spiders
4548,seals
4549,horses
4550,cats
4551,cows
4552,snakes
4553,bottles
4554,butterflies
4555,handguns
4556,butterflies
4557,horses
4558,dogs
4559,ducks
4560,elephants
4561,chickens
4562,butterflies
4563,cats
4564,bottles
4565,birds
4566,chickens
4567,dogs
4568,vases
4569,cows
4570,cows
4571,elephants
4572,horses
4573,elephants
4574,horses
4575,lions
4576,cows
4577,spiders
4578,elephants
4579,cats
4580,cows
4581,lions
4582,breads
4583,cows
4584,cows
4585,lipsticks
4586,cats
4587,elephants
4588,chickens
4589,butterflies
4590,cats
4591,ducks
4592,handguns
4593,vases
4594,cakes
4595,elephants
4596,chickens
4597,snakes
4598,elephants
4599,snakes
4600,bottles
4601,spiders
4602,chickens
4603,spiders
4604,chickens
4605,chickens
4606,breads
4607,ducks
4608,spiders
4609,horses
4610,breads
4611,elephants
4612,spiders
4613,dogs
4614,horses
4615,spiders
4616,ducks
4617,lipsticks
4618,horses
4619,butterflies
4620,dogs
4621,bottles
4622,cakes
4623,chickens
4624,butterflies
4625,dogs
4626,horses
4627,breads
4628,chickens
4629,horses
4630,handguns
4631,vases
4632,chickens
4633,dogs
4634,elephants
4635,elephants
4636,ducks
4637,horses
4638,handguns
4639,ducks
4640,lipsticks
4641,cats
4642,chickens
4643,bottles
4644,butterflies
4645,seals
4646,lipsticks
4647,spiders
4648,cats
4649,breads
4650,elephants
4651,elephants
4652,breads
4653,birds
4654,breads
4655,cats
4656,cows
4657,butterflies
4658,spiders
4659,breads
4660,cakes
4661,seals
4662,butterflies
4663,dogs
4664,elephants
4665,spiders
4666,chickens
4667,cows
4668,horses
4669,vases
4670,breads
4671,cows
4672,elephants
4673,cats
4674,lipsticks
4675,lions
4676,cows
4677,breads
4678,breads
4679,cats
4680,seals
4681,ducks
4682,lipsticks
4683,cats
4684,dogs
4685,elephants
4686,horses
4687,handguns
4688,cows
4689,horses
4690,fishes
4691,elephants
4692,chickens
4693,cakes
4694,snakes
4695,chickens
4696,chickens
4697,horses
4698,dogs
4699,vases
4700,bottles
4701,handguns
4702,cakes
4703,birds
4704,dogs
4705,breads
4706,ducks
4707,breads
4708,cows
4709,bottles
4710,spiders
4711,spiders
4712,ducks
4713,spiders
4714,elephants
4715,cats
4716,butterflies
4717,dogs
4718,cows
4719,cows
4720,chickens
4721,butterflies
4722,cows
4723,cats
4724,breads
4725,cats
4726,butterflies
4727,spiders
4728,horses
4729,snakes
4730,elephants
4731,elephants
4732,cats
4733,cats
4734,seals
4735,cakes
4736,spiders
4737,fishes
4738,dogs
4739,birds
4740,dogs
4741,dogs
4742,spiders
4743,cakes
4744,bottles
4745,handguns
4746,vases
4747,cats
4748,butterflies
4749,dogs
4750,cats
4751,horses
4752,bottles
4753,breads
4754,spiders
4755,elephants
4756,chickens
4757,vases
4758,spiders
4759,cats
4760,elephants
4761,dogs
4762,ducks
4763,spiders
4764,elephants
4765,spiders
4766,butterflies
4767,elephants
4768,chickens
4769,chickens
4770,elephants
4771,cakes
4772,elephants
4773,chickens
4774,bottles
4775,ducks
4776,butterflies
4777,cats
4778,butterflies
4779,elephants
4780,elephants
4781,spiders
4782,breads
4783,cats
4784,horses
4785,chickens
4786,cows
4787,spiders
4788,spiders
4789,dogs
4790,butterflies
4791,elephants
4792,horses
4793,snakes
4794,cows
4795,chickens
4796,seals
4797,cakes
4798,handguns
4799,cakes
4800,spiders
4801,ducks
4802,elephants
4803,vases
4804,lipsticks
4805,vases
4806,cats
4807,bottles
4808,snakes
4809,lipsticks
4810,cats
4811,chickens
4812,cats
4813,vases
4814,birds
4815,cows
4816,horses
4817,ducks
4818,seals
4819,cakes
4820,chickens
4821,elephants
4822,cows
4823,handguns
4824,cows
4825,chickens
4826,chickens
4827,spiders
4828,dogs
4829,fishes
4830,dogs
4831,bottles
4832,cows
4833,horses
4834,horses
4835,vases
4836,spiders
4837,horses
4838,lions
4839,spiders
4840,bottles
4841,elephants
4842,birds
4843,dogs
4844,dogs
4845,birds
4846,chickens
4847,dogs
4848,handguns
4849,elephants
4850,cakes
4851,dogs
4852,elephants
4853,seals
4854,horses
4855,spiders
4856,elephants
4857,butterflies
4858,ducks
4859,cats
4860,handguns
4861,cats
4862,cakes
4863,butterflies
4864,vases
4865,breads
4866,snakes
4867,chickens
4868,cows
4869,butterflies
4870,birds
4871,dogs
4872,chickens
4873,handguns
4874,horses
4875,chickens
4876,dogs
4877,lions
4878,horses
4879,butterflies
4880,cats
4881,birds
4882,seals
4883,cats
4884,elephants
4885,birds
4886,cakes
4887,chickens
4888,spiders
4889,elephants
4890,lions
4891,vases
4892,horses
4893,spiders
4894,dogs
4895,dogs
4896,spiders
4897,handguns
4898,lions
4899,birds
4900,spiders
4901,dogs
4902,cats
4903,seals
4904,spiders
4905,vases
4906,butterflies
4907,vases
4908,birds
4909,chickens
4910,cows
4911,seals
4912,seals
4913,cows
4914,elephants
4915,cows
4916,bottles
4917,spiders
4918,spiders
4919,handguns
4920,spiders
4921,butterflies
4922,dogs
4923,ducks
4924,lipsticks
4925,dogs
4926,cats
4927,cats
4928,horses
4929,chickens
4930,cats
4931,ducks
4932,horses
4933,cows
4934,chickens
4935,dogs
4936,elephants
4937,butterflies
4938,elephants
4939,cats
4940,spiders
4941,lions
4942,lipsticks
4943,cows
4944,elephants
4945,cakes
4946,ducks
4947,cakes
4948,chickens
4949,cats
4950,dogs
4951,butterflies
4952,ducks
4953,cows
4954,cats
4955,chickens
4956,chickens
4957,cakes
4958,spiders
4959,horses
4960,spiders
4961,horses
4962,spiders
4963,horses
4964,dogs
4965,elephants
4966,elephants
4967,dogs
4968,lipsticks
4969,chickens
4970,lipsticks
4971,elephants
4972,horses
4973,breads
4974,cats
4975,elephants
4976,breads
4977,spiders
4978,cakes
4979,fishes
4980,butterflies
4981,butterflies
4982,snakes
4983,chickens
4984,breads
4985,lions
4986,snakes
4987,spiders
4988,chickens
4989,breads
4990,vases
4991,seals
4992,elephants
4993,ducks
4994,vases
4995,handguns
4996,birds
4997,horses
4998,elephants
4999,cats
5000,fishes
5001,snakes
5002,cakes
5003,spiders
5004,seals
5005,chickens
5006,cats
5007,dogs
5008,cats
5009,cows
5010,cats
5011,cows
5012,horses
5013,lipsticks
5014,spiders
5015,elephants
5016,spiders
5017,handguns
5018,breads
5019,cats
5020,bottles
5021,ducks
5022,elephants
5023,fishes
5024,dogs
5025,cows
5026,chickens
5027,lipsticks
5028,spiders
5029,vases
5030,cows
5031,handguns
5032,chickens
5033,cats
5034,butterflies
5035,elephants
5036,chickens
5037,cakes
5038,cats
5039,dogs
5040,dogs
5041,seals
5042,cakes
5043,cats
5044,breads
5045,spiders
5046,bottles
5047,seals
5048,spiders
5049,cows
5050,butterflies
5051,dogs
5052,cows
5053,dogs
5054,cows
5055,spiders
5056,lions
5057,bottles
5058,elephants
5059,spiders
5060,bottles
5061,horses
5062,spiders
5063,cows
5064,elephants
5065,bottles
5066,seals
5067,dogs
5068,butterflies
5069,lipsticks
5070,cows
5071,spiders
5072,butterflies
5073,handguns
5074,dogs
5075,breads
5076,vases
5077,cows
5078,breads
5079,birds
5080,snakes
5081,lipsticks
5082,cows
5083,seals
5084,cats
5085,lions
5086,snakes
5087,cows
5088,vases
5089,cows
5090,horses
5091,chickens
5092,dogs
5093,ducks
5094,butterflies
5095,spiders
5096,cats
5097,seals
5098,dogs
5099,seals
5100,dogs
5101,vases
5102,vases
5103,butterflies
5104,vases
5105,cats
5106,horses
5107,dogs
5108,lipsticks
5109,snakes
5110,spiders
5111,spiders
5112,cows
5113,spiders
5114,horses
5115,cows
5116,spiders
5117,elephants
5118,ducks
5119,cows
5120,elephants
5121,seals
5122,butterflies
5123,spiders
5124,handguns
5125,chickens
5126,elephants
5127,cakes
5128,butterflies
5129,butterflies
5130,dogs
5131,cats
5132,cakes
5133,spiders
5134,elephants
5135,lions
5136,cats
5137,elephants
5138,cakes
5139,seals
5140,seals
5141,horses
5142,horses
5143,breads
5144,butterflies
5145,cats
5146,cows
5147,cats
5148,chickens
5149,horses
5150,cows
5151,butterflies
5152,dogs
5153,chickens
5154,cows
5155,bottles
5156,cows
5157,spiders
5158,chickens
5159,breads
5160,cows
5161,cows
5162,dogs
5163,cows
5164,spiders
5165,spiders
5166,dogs
5167,cakes
5168,chickens
5169,butterflies
5170,birds
5171,seals
5172,chickens
5173,dogs
5174,chickens
5175,elephants
5176,elephants
5177,cats
5178,elephants
5179,dogs
5180,dogs
5181,lions
5182,dogs
5183,butterflies
5184,butterflies
5185,cats
5186,dogs
5187,cakes
5188,spiders
5189,elephants
5190,ducks
5191,elephants
5192,cats
5193,spiders
5194,dogs
5195,bottles
5196,spiders
5197,chickens
5198,elephants
5199,birds
5200,dogs
5201,lipsticks
5202,cows
5203,butterflies
5204,snakes
5205,lipsticks
5206,breads
5207,chickens
5208,chickens
5209,breads
5210,elephants
5211,chickens
5212,handguns
5213,birds
5214,cats
5215,lions
5216,elephants
5217,horses
5218,lipsticks
5219,chickens
5220,spiders
5221,spiders
5222,spiders
5223,seals
5224,horses
5225,cows
5226,spiders
5227,bottles
5228,vases
5229,butterflies
5230,butterflies
5231,spiders
5232,cakes
5233,elephants
5234,chickens
5235,cows
5236,vases
5237,ducks
5238,cows
5239,cats
5240,chickens
5241,cows
5242,chickens
5243,cows
5244,cows
5245,cakes
5246,cakes
5247,cows
5248,horses
5249,cats
5250,spiders
5251,cows
5252,cows
5253,fishes
5254,lipsticks
5255,elephants
5256,spiders
5257,elephants
5258,snakes
5259,fishes
5260,butterflies
5261,cows
5262,chickens
5263,seals
5264,butterflies
5265,dogs
5266,butterflies
5267,ducks
5268,chickens
5269,lions
5270,spiders
5271,handguns
5272,snakes
5273,elephants
5274,butterflies
5275,vases
5276,handguns
5277,elephants
5278,butterflies
5279,butterflies
5280,chickens
5281,cows
5282,elephants
5283,cows
5284,chickens
5285,horses
5286,elephants
5287,cows
5288,chickens
5289,butterflies
5290,chickens
5291,cakes
5292,cows
5293,spiders
5294,seals
5295,chickens
5296,handguns
5297,seals
5298,cows
5299,lipsticks
5300,chickens
5301,handguns
5302,cats
5303,cats
5304,cows
5305,vases
5306,spiders
5307,butterflies
5308,birds
5309,seals
5310,cows
5311,cakes
5312,chickens
5313,horses
5314,spiders
5315,chickens
5316,vases
5317,cakes
5318,butterflies
5319,bottles
5320,lipsticks
5321,dogs
5322,horses
5323,seals
5324,butterflies
5325,snakes
5326,horses
5327,spiders
5328,handguns
5329,lipsticks
5330,cows
5331,horses
5332,cows
5333,handguns
5334,butterflies
5335,butterflies
5336,spiders
5337,handguns
5338,seals
5339,spiders
5340,cats
5341,chickens
5342,elephants
5343,handguns
5344,lions
5345,dogs
5346,handguns
5347,vases
5348,cats
5349,chickens
5350,dogs
5351,dogs
5352,spiders
5353,cakes
5354,lipsticks
5355,butterflies
5356,butterflies
5357,lipsticks
5358,breads
5359,chickens
5360,vases
5361,breads
5362,seals
5363,dogs
5364,chickens
5365,horses
5366,breads
5367,spiders
5368,butterflies
5369,lions
5370,cows
5371,breads
5372,spiders
5373,snakes
5374,butterflies
5375,cats
5376,seals
5377,vases
5378,butterflies
5379,chickens
5380,bottles
5381,seals
5382,dogs
5383,cows
5384,butterflies
5385,cats
5386,chickens
5387,chickens
5388,cows
5389,bottles
5390,spiders
5391,spiders
5392,butterflies
5393,chickens
5394,vases
5395,cakes
5396,cows
5397,chickens
5398,elephants
5399,chickens
5400,lipsticks
5401,vases
5402,cats
5403,chickens
5404,cats
5405,vases
5406,spiders
5407,cows
5408,cakes
5409,horses
5410,lions
5411,chickens
5412,lipsticks
5413,cakes
5414,butterflies
5415,dogs
5416,horses
5417,elephants
5418,lions
5419,cats
5420,handguns
5421,butterflies
5422,spiders
5423,cows
5424,butterflies
5425,chickens
5426,dogs
5427,breads
5428,chickens
5429,spiders
5430,lipsticks
5431,spiders
5432,butterflies
5433,cats
5434,cats
5435,elephants
5436,fishes
5437,horses
5438,chickens
5439,horses
5440,elephants
5441,cows
5442,dogs
5443,spiders
5444,spiders
5445,breads
5446,butterflies
5447,elephants
5448,dogs
5449,cakes
5450,chickens
5451,cows
5452,cats
5453,butterflies
5454,lipsticks
5455,dogs
5456,horses
5457,chickens
5458,seals
5459,lions
5460,birds
5461,lipsticks
5462,vases
5463,lions
5464,cows
5465,handguns
5466,elephants
5467,lions
5468,elephants
5469,breads
5470,cows
5471,seals
5472,cakes
5473,chickens
5474,elephants
5475,elephants
5476,bottles
5477,lipsticks
5478,cats
5479,elephants
5480,cows
5481,cows
5482,cats
5483,butterflies
5484,butterflies
5485,dogs
5486,bottles
5487,dogs
5488,chickens
5489,cats
5490,horses
5491,chickens
5492,fishes
5493,chickens
5494,cats
5495,breads
5496,snakes
5497,elephants
5498,handguns
5499,seals
5500,elephants
5501,elephants
5502,horses
5503,elephants
5504,breads
5505,bottles
5506,butterflies
5507,butterflies
5508,ducks
5509,spiders
5510,chickens
5511,butterflies
5512,snakes
5513,dogs
5514,dogs
5515,elephants
5516,fishes
5517,breads
5518,butterflies
5519,chickens
5520,elephants
5521,horses
5522,cats
5523,butterflies
5524,dogs
5525,chickens
5526,cakes
5527,lipsticks
5528,butterflies
5529,bottles
5530,dogs
5531,chickens
5532,dogs
5533,cows
5534,elephants
5535,elephants
5536,bottles
5537,elephants
5538,elephants
5539,birds
5540,spiders
5541,cows
5542,cows
5543,breads
5544,spiders
5545,cats
5546,cats
5547,breads
5548,vases
5549,horses
5550,seals
5551,breads
5552,lipsticks
5553,lipsticks
5554,ducks
5555,butterflies
5556,breads
5557,vases
5558,ducks
5559,horses
5560,cows
5561,handguns
5562,cows
5563,lipsticks
5564,dogs
5565,elephants
5566,dogs
5567,spiders
5568,lions
5569,chickens
5570,dogs
5571,lions
5572,snakes
5573,snakes
5574,lions
5575,cats
5576,cakes
5577,spiders
5578,dogs
5579,dogs
5580,butterflies
5581,seals
5582,birds
5583,spiders
5584,lipsticks
5585,snakes
5586,breads
5587,chickens
5588,butterflies
5589,ducks
5590,spiders
5591,butterflies
5592,bottles
5593,elephants
5594,handguns
5595,cows
5596,breads
5597,butterflies
5598,breads
5599,horses
5600,spiders
5601,dogs
5602,seals
5603,elephants
5604,spiders
5605,snakes
5606,snakes
5607,horses
5608,spiders
5609,elephants
5610,spiders
5611,handguns
5612,cows
5613,spiders
5614,elephants
5615,butterflies
5616,horses
5617,bottles
5618,spiders
5619,cows
5620,cows
5621,dogs
5622,lipsticks
5623,snakes
5624,cats
5625,elephants
5626,dogs
5627,cows
5628,cows
5629,dogs
5630,birds
5631,vases
5632,butterflies
5633,bottles
5634,breads
5635,elephants
5636,spiders
5637,cows
5638,snakes
5639,snakes
5640,chickens
5641,snakes
5642,ducks
5643,chickens
5644,horses
5645,snakes
5646,spiders
5647,spiders
5648,cows
5649,cows
5650,cats
5651,elephants
5652,ducks
5653,horses
5654,spiders
5655,bottles
5656,cows
5657,dogs
5658,butterflies
5659,elephants
5660,vases
5661,cats
5662,spiders
5663,spiders
5664,chickens
5665,chickens
5666,vases
5667,bottles
5668,handguns
5669,ducks
5670,breads
5671,butterflies
5672,ducks
5673,elephants
5674,fishes
5675,snakes
5676,breads
5677,dogs
5678,birds
5679,cats
5680,birds
5681,chickens
5682,fishes
5683,horses
5684,spiders
5685,cows
5686,elephants
5687,ducks
5688,chickens
5689,elephants
5690,ducks
5691,breads
5692,horses
5693,cows
5694,cats
5695,cats
5696,elephants
5697,seals
5698,elephants
5699,dogs
5700,spiders
5701,cats
5702,cows
5703,spiders
5704,breads
5705,spiders
5706,cows
5707,cats
5708,cows
5709,vases
5710,elephants
5711,cows
5712,vases
5713,chickens
5714,elephants
5715,ducks
5716,dogs
5717,cakes
5718,chickens
5719,elephants
5720,butterflies
5721,cakes
5722,lions
5723,butterflies
5724,bottles
5725,ducks
5726,cats
5727,breads
5728,cows
5729,birds
5730,spiders
5731,birds
5732,fishes
5733,lions
5734,lipsticks
5735,breads
5736,lions
5737,vases
5738,bottles
5739,seals
5740,ducks
5741,ducks
5742,lipsticks
5743,dogs
5744,cats
5745,horses
5746,cakes
5747,handguns
5748,elephants
5749,cats
5750,elephants
5751,cows
5752,snakes
5753,bottles
5754,cows
5755,cats
5756,cakes
5757,cats
5758,ducks
5759,dogs
5760,handguns
5761,spiders
5762,spiders
5763,chickens
5764,chickens
5765,butterflies
5766,dogs
5767,cows
5768,handguns
5769,bottles
5770,elephants
5771,lions
5772,handguns
5773,horses
5774,horses
5775,lions
5776,dogs
5777,elephants
5778,elephants
5779,spiders
5780,dogs
5781,cats
5782,cows
5783,spiders
5784,chickens
5785,chickens
5786,lipsticks
5787,horses
5788,horses
5789,vases
5790,cats
5791,chickens
5792,elephants
5793,elephants
5794,elephants
5795,cows
5796,cows
5797,cows
5798,fishes
5799,birds
5800,breads
5801,cows
5802,spiders
5803,cakes
5804,chickens
5805,vases
5806,dogs
5807,handguns
5808,fishes
5809,horses
5810,dogs
5811,dogs
5812,chickens
5813,cows
5814,elephants
5815,spiders
5816,chickens
5817,spiders
5818,vases
5819,snakes
5820,lipsticks
5821,seals
5822,spiders
5823,spiders
5824,spiders
5825,dogs
5826,dogs
5827,butterflies
5828,elephants
5829,birds
5830,ducks
5831,spiders
5832,spiders
5833,fishes
5834,cats
5835,butterflies
5836,spiders
5837,cows
5838,spiders
5839,dogs
5840,spiders
5841,seals
5842,horses
5843,lipsticks
5844,butterflies
5845,seals
5846,spiders
5847,dogs
5848,cows
5849,butterflies
5850,bottles
5851,bottles
5852,cakes
5853,butterflies
5854,fishes
5855,elephants
5856,cats
5857,butterflies
5858,horses
5859,breads
5860,spiders
5861,chickens
5862,chickens
5863,elephants
5864,ducks
5865,seals
5866,elephants
5867,cows
5868,vases
5869,cats
5870,elephants
5871,lipsticks
5872,birds
5873,spiders
5874,spiders
5875,seals
5876,cats
5877,spiders
5878,horses
5879,dogs
5880,chickens
5881,lipsticks
5882,spiders
5883,elephants
5884,cats
5885,ducks
5886,cows
5887,vases
5888,butterflies
5889,horses
5890,spiders
5891,birds
5892,elephants
5893,spiders
5894,elephants
5895,lipsticks
5896,vases
5897,bottles
5898,seals
5899,dogs
5900,fishes
5901,breads
5902,vases
5903,vases
5904,lions
5905,bottles
5906,butterflies
5907,dogs
5908,elephants
5909,chickens
5910,cats
5911,cows
5912,cows
5913,horses
5914,horses
5915,chickens
5916,ducks
5917,elephants
5918,elephants
5919,bottles
5920,butterflies
5921,seals
5922,seals
5923,spiders
5924,cats
5925,cakes
5926,elephants
5927,elephants
5928,lions
5929,elephants
5930,breads
5931,cats
5932,butterflies
5933,seals
5934,spiders
5935,lipsticks
5936,lipsticks
5937,handguns
5938,butterflies
5939,bottles
5940,horses
5941,spiders
5942,cows
5943,lipsticks
5944,cats
5945,cows
5946,cats
5947,cows
5948,seals
5949,dogs
5950,breads
5951,elephants
5952,breads
5953,cakes
5954,elephants
5955,elephants
5956,horses
5957,cakes
5958,elephants
5959,seals
5960,cats
5961,birds
5962,elephants
5963,elephants
5964,dogs
5965,bottles
5966,butterflies
5967,lions
5968,elephants
5969,cats
5970,chickens
5971,cows
5972,elephants
5973,butterflies
5974,spiders
5975,butterflies
5976,bottles
5977,horses
5978,lipsticks
5979,chickens
5980,cakes
5981,chickens
5982,spiders
5983,spiders
5984,spiders
5985,horses
5986,elephants
5987,birds
5988,cats
5989,bottles
5990,spiders
5991,horses
5992,cats
5993,chickens
5994,bottles
5995,cows
5996,butterflies
5997,cows
5998,cows
5999,spiders
6000,cows
6001,cakes
6002,elephants
6003,horses
6004,dogs
6005,horses
6006,spiders
6007,handguns
6008,horses
6009,bottles
6010,butterflies
6011,cats
6012,cats
6013,elephants
6014,spiders
6015,spiders
6016,chickens
6017,spiders
6018,vases
6019,seals
6020,cats
6021,cakes
6022,butterflies
6023,elephants
6024,cows
6025,chickens
6026,chickens
6027,chickens
6028,cats
6029,cows
6030,spiders
6031,vases
6032,cats
6033,snakes
6034,dogs
6035,elephants
6036,spiders
6037,spiders
6038,lipsticks
6039,spiders
6040,dogs
6041,handguns
6042,cows
6043,spiders
6044,lipsticks
6045,elephants
6046,ducks
6047,lipsticks
6048,dogs
6049,fishes
6050,lipsticks
6051,elephants
6052,ducks
6053,chickens
6054,bottles
6055,cats
6056,vases
6057,horses
6058,horses
6059,vases
6060,dogs
6061,dogs
6062,cats
6063,lipsticks
6064,bottles
6065,vases
6066,spiders
6067,cows
6068,ducks
6069,cows
6070,cats
6071,dogs
6072,bottles
6073,lions
6074,breads
6075,spiders
6076,spiders
6077,vases
6078,cows
6079,spiders
6080,lipsticks
6081,vases
6082,cats
6083,elephants
6084,cats
6085,horses
6086,horses
6087,horses
6088,dogs
6089,butterflies
6090,horses
6091,cakes
6092,seals
6093,birds
6094,cats
6095,breads
6096,butterflies
6097,chickens
6098,dogs
6099,cakes
6100,chickens
6101,vases
6102,dogs
6103,seals
6104,elephants
6105,elephants
6106,cows
6107,lions
6108,elephants
6109,handguns
6110,lions
6111,cakes
6112,chickens
6113,elephants
6114,chickens
6115,spiders
6116,cows
6117,elephants
6118,horses
6119,butterflies
6120,dogs
6121,chickens
6122,spiders
6123,horses
6124,spiders
6125,lions
6126,cows
6127,cats
6128,chickens
6129,cats
6130,horses
6131,spiders
6132,elephants
6133,butterflies
6134,fishes
6135,handguns
6136,cats
6137,fishes
6138,cows
6139,dogs
6140,elephants
6141,cows
6142,horses
6143,horses
6144,birds
6145,cows
6146,spiders
6147,dogs
6148,spiders
6149,snakes
6150,cows
6151,elephants
6152,elephants
6153,cows
6154,dogs
6155,elephants
6156,cows
6157,spiders
6158,ducks
6159,vases
6160,breads
6161,spiders
6162,ducks
6163,birds
6164,horses
6165,spiders
6166,chickens
6167,dogs
6168,dogs
6169,vases
6170,ducks
6171,elephants
6172,elephants
6173,bottles
6174,ducks
6175,chickens
6176,cows
6177,ducks
6178,elephants
6179,horses
6180,cows
6181,horses
6182,spiders
6183,breads
6184,elephants
6185,spiders
6186,cakes
6187,bottles
6188,elephants
6189,cakes
6190,cows
6191,bottles
6192,elephants
6193,butterflies
6194,chickens
6195,seals
6196,lions
6197,horses
6198,spiders
6199,chickens
6200,cats
6201,handguns
6202,handguns
6203,chickens
6204,handguns
6205,cows
6206,horses
6207,butterflies
6208,breads
6209,cats
6210,cats
6211,butterflies
6212,cakes
6213,elephants
6214,birds
6215,cows
6216,handguns
6217,cats
6218,dogs
6219,chickens
6220,butterflies
6221,lipsticks
6222,butterflies
6223,elephants
6224,lions
6225,cakes
6226,lions
6227,cats
6228,cats
6229,cats
6230,cows
6231,vases
6232,breads
6233,cats
6234,chickens
6235,elephants
6236,spiders
6237,elephants
6238,horses
6239,horses
6240,cows
6241,butterflies
6242,cows
6243,spiders
6244,elephants
6245,spiders
6246,spiders
6247,handguns
6248,chickens
6249,vases
6250,cats
6251,birds
6252,cows
6253,breads
6254,dogs
6255,lipsticks
6256,butterflies
6257,chickens
6258,horses
6259,dogs
6260,handguns
6261,fishes
6262,elephants
6263,butterflies
6264,cats
6265,bottles
6266,vases
6267,breads
6268,snakes
6269,lipsticks
6270,chickens
6271,butterflies
6272,spiders
6273,cows
6274,ducks
6275,butterflies
6276,cows
6277,breads
6278,horses
6279,butterflies
6280,spiders
6281,cows
6282,vases
6283,ducks
6284,horses
6285,elephants
6286,ducks
6287,snakes
6288,cows
6289,seals
6290,lipsticks
6291,butterflies
6292,spiders
6293,cows
6294,cats
6295,horses
6296,chickens
6297,horses
6298,snakes
6299,chickens
6300,lions
6301,spiders
6302,butterflies
6303,breads
6304,cows
6305,cows
6306,ducks
6307,breads
6308,cows
6309,bottles
6310,chickens
6311,butterflies
6312,breads
6313,horses
6314,seals
6315,chickens
6316,cows
6317,spiders
6318,chickens
6319,chickens
6320,cats
6321,handguns
6322,birds
6323,vases
6324,butterflies
6325,spiders
6326,cows
6327,chickens
6328,spiders
6329,cats
6330,bottles
6331,birds
6332,dogs
6333,vases
6334,cows
6335,lipsticks
6336,cows
6337,chickens
6338,cakes
6339,chickens
6340,dogs
6341,lipsticks
6342,butterflies
6343,cows
6344,cows
6345,chickens
6346,dogs
6347,cows
6348,dogs
6349,cats
6350,seals
6351,spiders
6352,snakes
6353,elephants
6354,cats
6355,breads
6356,lipsticks
6357,chickens
6358,cats
6359,ducks
6360,butterflies
6361,vases
6362,breads
6363,birds
6364,seals
6365,bottles
6366,vases
6367,cakes
6368,cows
6369,horses
6370,elephants
6371,spiders
6372,elephants
6373,cats
6374,elephants
6375,spiders
6376,birds
6377,cats
6378,butterflies
6379,horses
6380,spiders
6381,horses
6382,cats
6383,spiders
6384,ducks
6385,dogs
6386,handguns
6387,vases
6388,elephants
6389,spiders
6390,butterflies
6391,vases
6392,handguns
6393,seals
6394,seals
6395,horses
6396,chickens
6397,cakes
6398,horses
6399,fishes
6400,ducks
6401,spiders
6402,cows
6403,butterflies
6404,lipsticks
6405,cats
6406,cakes
6407,elephants
6408,cats
6409,spiders
6410,spiders
6411,breads
6412,dogs
6413,spiders
6414,chickens
6415,cats
6416,birds
6417,butterflies
6418,elephants
6419,fishes
6420,chickens
6421,handguns
6422,elephants
6423,snakes
6424,breads
6425,cows
6426,elephants
6427,dogs
6428,handguns
6429,horses
6430,cows
6431,snakes
6432,seals
6433,handguns
6434,snakes
6435,elephants
6436,cows
6437,spiders
6438,elephants
6439,elephants
6440,birds
6441,elephants
6442,spiders
6443,cats
6444,butterflies
6445,elephants
6446,lipsticks
6447,elephants
6448,elephants
6449,birds
6450,elephants
6451,spiders
6452,dogs
6453,dogs
6454,spiders
6455,cows
6456,seals
6457,elephants
6458,cows
6459,chickens
6460,dogs
6461,spiders
6462,breads
6463,horses
6464,cakes
6465,elephants
6466,elephants
6467,cows
6468,chickens
6469,cows
6470,butterflies
6471,cats
6472,horses
6473,butterflies
6474,cats
6475,spiders
6476,birds
6477,spiders
6478,handguns
6479,seals
6480,cows
6481,elephants
6482,elephants
6483,cats
6484,butterflies
6485,elephants
6486,lions
6487,elephants
6488,spiders
6489,horses
6490,horses
6491,elephants
6492,seals
6493,handguns
6494,cows
6495,spiders
6496,elephants
6497,cats
6498,handguns
6499,butterflies
6500,spiders
6501,seals
6502,cows
6503,handguns
6504,cows
6505,butterflies
6506,elephants
6507,butterflies
6508,butterflies
6509,horses
6510,handguns
6511,elephants
6512,elephants
6513,cakes
6514,elephants
6515,seals
6516,lions
6517,spiders
6518,cats
6519,lipsticks
6520,cows
6521,breads
6522,cats
6523,spiders
6524,birds
6525,vases
6526,cows
6527,breads
6528,horses
6529,spiders
6530,fishes
6531,dogs
6532,dogs
6533,cats
6534,horses
6535,elephants
6536,cows
6537,birds
6538,lipsticks
6539,seals
6540,snakes
6541,cows
6542,elephants
6543,butterflies
6544,cats
6545,spiders
6546,chickens
6547,ducks
6548,dogs
6549,birds
6550,elephants
6551,spiders
6552,chickens
6553,cats
6554,spiders
6555,spiders
6556,chickens
6557,elephants
6558,bottles
6559,elephants
6560,seals
6561,horses
6562,lipsticks
6563,cows
6564,ducks
6565,butterflies
6566,cows
6567,horses
6568,birds
6569,spiders
6570,cats
6571,cakes
6572,chickens
6573,butterflies
6574,spiders
6575,dogs
6576,bottles
6577,horses
6578,dogs
6579,horses
6580,cakes
6581,spiders
6582,chickens
6583,lipsticks
6584,butterflies
6585,vases
6586,dogs
6587,fishes
6588,dogs
6589,handguns
6590,spiders
6591,chickens
6592,chickens
6593,spiders
6594,dogs
6595,dogs
6596,lions
6597,elephants
6598,horses
6599,breads
6600,fishes
6601,spiders
6602,chickens
6603,snakes
6604,lipsticks
6605,birds
6606,spiders
6607,horses
6608,spiders
6609,chickens
6610,cakes
6611,vases
6612,handguns
6613,cows
6614,horses
6615,cats
6616,lipsticks
6617,lipsticks
6618,butterflies
6619,handguns
6620,chickens
6621,bottles
6622,spiders
6623,cats
6624,lipsticks
6625,ducks
6626,spiders
6627,spiders
6628,bottles
6629,lions
6630,cats
6631,snakes
6632,horses
6633,cows
6634,cows
6635,cats
6636,elephants
6637,chickens
6638,butterflies
6639,cats
6640,vases
6641,lions
6642,cats
6643,spiders
6644,butterflies
6645,butterflies
6646,butterflies
6647,elephants
6648,cows
6649,lipsticks
6650,dogs
6651,handguns
6652,dogs
6653,lipsticks
6654,bottles
6655,cows
6656,chickens
6657,snakes
6658,bottles
6659,horses
6660,ducks
6661,spiders
6662,lipsticks
6663,dogs
6664,horses
6665,bottles
6666,cows
6667,elephants
6668,spiders
6669,dogs
6670,elephants
6671,horses
6672,cows
6673,cakes
6674,horses
6675,breads
6676,elephants
6677,elephants
6678,spiders
6679,spiders
6680,dogs
6681,spiders
6682,breads
6683,butterflies
6684,spiders
6685,handguns
6686,butterflies
6687,horses
6688,cakes
6689,dogs
6690,spiders
6691,cakes
6692,elephants
6693,butterflies
6694,chickens
6695,horses
6696,dogs
6697,handguns
6698,snakes
6699,dogs
6700,spiders
6701,seals
6702,elephants
6703,cows
6704,cows
6705,birds
6706,birds
6707,spiders
6708,vases
6709,butterflies
6710,dogs
6711,elephants
6712,lions
6713,fishes
6714,dogs
6715,snakes
6716,vases
6717,lipsticks
6718,spiders
6719,horses
6720,cakes
6721,chickens
6722,breads
6723,elephants
6724,horses
6725,spiders
6726,cows
6727,cats
6728,cows
6729,dogs
6730,seals
6731,ducks
6732,chickens
6733,breads
6734,elephants
6735,butterflies
6736,butterflies
6737,vases
6738,cows
6739,elephants
6740,cakes
6741,cats
6742,ducks
6743,chickens
6744,chickens
6745,cows
6746,butterflies
6747,dogs
6748,dogs
6749,horses
6750,birds
6751,cats
6752,fishes
6753,ducks
6754,butterflies
6755,cows
6756,handguns
6757,fishes
6758,horses
6759,elephants
6760,elephants
6761,butterflies
6762,cats
6763,horses
6764,spiders
6765,chickens
6766,lipsticks
6767,chickens
6768,horses
6769,elephants
6770,vases
6771,vases
6772,seals
6773,handguns
6774,handguns
6775,elephants
6776,dogs
6777,bottles
6778,seals
6779,dogs
6780,elephants
6781,cats
6782,elephants
6783,snakes
6784,handguns
6785,vases
6786,dogs
6787,chickens
6788,chickens
6789,elephants
6790,butterflies
6791,lipsticks
6792,breads
6793,breads
6794,spiders
6795,dogs
6796,birds
6797,elephants
6798,vases
6799,birds
6800,cows
6801,breads
6802,cows
6803,cows
6804,cats
6805,elephants
6806,horses
6807,elephants
6808,horses
6809,horses
6810,dogs
6811,dogs
6812,butterflies
6813,dogs
6814,breads
6815,ducks
6816,fishes
6817,lipsticks
6818,breads
6819,spiders
6820,elephants
6821,horses
6822,vases
6823,lipsticks
6824,dogs
6825,horses
6826,cakes
6827,dogs
6828,spiders
6829,cakes
6830,snakes
6831,dogs
6832,spiders
6833,horses
6834,seals
6835,cows
6836,elephants
6837,fishes
6838,fishes
6839,lipsticks
6840,lipsticks
6841,chickens
6842,horses
6843,chickens
6844,breads
6845,ducks
6846,breads
6847,ducks
6848,cats
6849,lipsticks
6850,spiders
6851,spiders
6852,snakes
6853,spiders
6854,butterflies
6855,butterflies
6856,spiders
6857,elephants
6858,spiders
6859,elephants
6860,elephants
6861,cakes
6862,cats
6863,dogs
6864,bottles
6865,horses
6866,dogs
6867,butterflies
6868,cakes
6869,chickens
6870,cats
6871,butterflies
6872,ducks
6873,cows
6874,vases
6875,elephants
6876,spiders
6877,butterflies
6878,spiders
6879,lipsticks
6880,elephants
6881,horses
6882,breads
6883,butterflies
6884,dogs
6885,butterflies
6886,spiders
6887,ducks
6888,cows
6889,vases
6890,spiders
6891,spiders
6892,elephants
6893,birds
6894,spiders
6895,bottles
6896,cats
6897,butterflies
6898,butterflies
6899,vases
6900,spiders
6901,ducks
6902,spiders
6903,snakes
6904,lipsticks
6905,chickens
6906,birds
6907,spiders
6908,cakes
6909,dogs
6910,elephants
6911,vases
6912,elephants
6913,cats
6914,cows
6915,bottles
6916,dogs
6917,ducks
6918,spiders
6919,handguns
6920,cakes
6921,cats
6922,cows
6923,dogs
6924,handguns
6925,butterflies
6926,vases
6927,cows
6928,horses
6929,dogs
6930,snakes
6931,fishes
6932,elephants
6933,lipsticks
6934,butterflies
6935,cats
6936,elephants
6937,chickens
6938,cows
6939,cows
6940,lions
6941,dogs
6942,elephants
6943,cats
6944,elephants
6945,elephants
6946,spiders
6947,lions
6948,handguns
6949,cakes
6950,butterflies
6951,cows
6952,cats
6953,bottles
6954,bottles
6955,cats
6956,horses
6957,dogs
6958,butterflies
6959,cakes
6960,spiders
6961,chickens
6962,bottles
6963,cows
6964,snakes
6965,spiders
6966,chickens
6967,butterflies
6968,handguns
6969,chickens
6970,chickens
6971,butterflies
6972,cats
6973,snakes
6974,dogs
6975,lions
6976,horses
6977,fishes
6978,spiders
6979,bottles
6980,lipsticks
6981,spiders
6982,dogs
6983,snakes
6984,horses
6985,spiders
6986,ducks
6987,snakes
6988,vases
6989,elephants
6990,cats
6991,horses
6992,cats
6993,cats
6994,butterflies
6995,dogs
6996,bottles
6997,spiders
6998,butterflies
6999,cows
7000,vases
7001,handguns
7002,ducks
7003,dogs
7004,dogs
7005,butterflies
7006,handguns
7007,butterflies
7008,cows
7009,bottles
7010,chickens
7011,butterflies
7012,ducks
7013,chickens
7014,lions
7015,chickens
7016,cows
7017,cakes
7018,chickens
7019,cakes
7020,horses
7021,chickens
7022,snakes
7023,elephants
7024,cows
7025,butterflies
7026,chickens
7027,vases
7028,horses
7029,chickens
7030,cats
7031,lipsticks
7032,breads
7033,cows
7034,cakes
7035,cats
7036,cows
7037,breads
7038,bottles
7039,bottles
7040,ducks
7041,elephants
7042,fishes
7043,seals
7044,cats
7045,cats
7046,cakes
7047,spiders
7048,snakes
7049,lions
7050,lipsticks
7051,chickens
7052,dogs
7053,cats
7054,lipsticks
7055,snakes
7056,lions
7057,bottles
7058,lions
7059,horses
7060,bottles
7061,dogs
7062,butterflies
7063,lipsticks
7064,lipsticks
7065,breads
7066,chickens
7067,elephants
7068,cows
7069,dogs
7070,chickens
7071,butterflies
7072,cows
7073,birds
7074,cats
7075,elephants
7076,spiders
7077,breads
7078,bottles
7079,cows
7080,spiders
7081,spiders
7082,cows
7083,vases
7084,cakes
7085,cats
7086,cats
7087,chickens
7088,vases
7089,butterflies
7090,elephants
7091,butterflies
7092,chickens
7093,butterflies
7094,chickens
7095,lipsticks
7096,birds
7097,cakes
7098,cakes
7099,lipsticks
7100,butterflies
7101,elephants
7102,butterflies
7103,elephants
7104,dogs
7105,lipsticks
7106,bottles
7107,dogs
7108,spiders
7109,dogs
7110,horses
7111,dogs
7112,birds
7113,cows
7114,fishes
7115,cats
7116,chickens
7117,chickens
7118,spiders
7119,cats
7120,handguns
7121,fishes
7122,spiders
7123,horses
7124,spiders
7125,chickens
7126,handguns
7127,spiders
7128,spiders
7129,spiders
7130,chickens
7131,elephants
7132,lipsticks
7133,lipsticks
7134,elephants
7135,elephants
7136,cats
7137,cows
7138,cows
7139,spiders
7140,chickens
7141,cows
7142,lipsticks
7143,butterflies
7144,spiders
7145,cows
7146,snakes
7147,breads
7148,fishes
7149,lipsticks
7150,lipsticks
7151,fishes
7152,dogs
7153,vases
7154,cows
7155,butterflies
7156,horses
7157,cows
7158,elephants
7159,elephants
7160,fishes
7161,fishes
7162,elephants
7163,spiders
7164,seals
7165,horses
7166,cows
7167,cows
7168,horses
7169,spiders
7170,horses
7171,cows
7172,butterflies
7173,horses
7174,spiders
7175,seals
7176,cats
7177,elephants
7178,lipsticks
7179,dogs
7180,dogs
7181,handguns
7182,spiders
7183,elephants
7184,spiders
7185,fishes
7186,butterflies
7187,vases
7188,handguns
7189,ducks
7190,breads
7191,seals
7192,birds
7193,snakes
7194,chickens
7195,cows
7196,seals
7197,bottles
7198,elephants
7199,horses
7200,birds
7201,butterflies
7202,handguns
7203,elephants
7204,vases
7205,elephants
7206,cows
7207,spiders
7208,butterflies
7209,cats
7210,cows
7211,elephants
7212,handguns
7213,seals
7214,birds
7215,cats
7216,elephants
7217,spiders
7218,snakes
7219,cats
7220,vases
7221,cats
7222,seals
7223,butterflies
7224,bottles
7225,cats
7226,breads
7227,spiders
7228,chickens
7229,ducks
7230,dogs
7231,chickens
7232,spiders
7233,dogs
7234,butterflies
7235,spiders
7236,butterflies
7237,spiders
7238,butterflies
7239,snakes
7240,dogs
7241,dogs
7242,cows
7243,handguns
7244,cakes
7245,butterflies
7246,cats
7247,seals
7248,chickens
7249,breads
7250,cats
7251,elephants
7252,elephants
7253,elephants
7254,spiders
7255,vases
7256,elephants
7257,elephants
7258,snakes
7259,bottles
7260,fishes
7261,handguns
7262,lipsticks
7263,fishes
7264,butterflies
7265,chickens
7266,spiders
7267,chickens
7268,spiders
7269,handguns
7270,elephants
7271,dogs
7272,elephants
7273,cats
7274,elephants
7275,cats
7276,spiders
7277,breads
7278,elephants
7279,cakes
7280,horses
7281,cows
7282,birds
7283,elephants
7284,cows
7285,vases
7286,chickens
7287,elephants
7288,spiders
7289,dogs
7290,handguns
7291,spiders
7292,butterflies
7293,dogs
7294,elephants
7295,spiders
7296,chickens
7297,horses
7298,chickens
7299,chickens
7300,spiders
7301,elephants
7302,dogs
7303,breads
7304,butterflies
7305,bottles
7306,lipsticks
7307,cats
7308,spiders
7309,vases
7310,cats
7311,cows
7312,cakes
7313,spiders
7314,lipsticks
7315,cats
7316,cats
7317,dogs
7318,elephants
7319,elephants
7320,seals
7321,chickens
7322,cats
7323,cats
7324,cows
7325,handguns
7326,dogs
7327,handguns
7328,seals
7329,chickens
7330,chickens
7331,snakes
7332,cows
7333,cats
7334,cats
7335,elephants
7336,dogs
7337,butterflies
7338,chickens
7339,ducks
7340,breads
7341,spiders
7342,vases
7343,butterflies
7344,spiders
7345,elephants
7346,cakes
7347,spiders
7348,snakes
7349,lipsticks
7350,ducks
7351,cats
7352,chickens
7353,cats
7354,butterflies
7355,dogs
7356,cakes
7357,cows
7358,cats
7359,horses
7360,spiders
7361,elephants
7362,cats
7363,butterflies
7364,spiders
7365,spiders
7366,handguns
7367,horses
7368,cakes
7369,chickens
7370,lions
7371,snakes
7372,cows
7373,cats
7374,seals
7375,seals
7376,elephants
7377,vases
7378,butterflies
7379,bottles
7380,birds
7381,horses
7382,handguns
7383,butterflies
7384,birds
7385,ducks
7386,vases
7387,dogs
7388,spiders
7389,birds
7390,cakes
7391,spiders
7392,dogs
7393,cows
7394,chickens
7395,cats
7396,snakes
7397,cows
7398,dogs
7399,butterflies
7400,handguns
7401,cakes
7402,butterflies
7403,dogs
7404,cats
7405,cows
7406,fishes
7407,breads
7408,elephants
7409,spiders
7410,spiders
7411,cats
7412,dogs
7413,breads
7414,elephants
7415,cows
7416,seals
7417,breads
7418,butterflies
7419,dogs
7420,cats
7421,spiders
7422,chickens
7423,cats
7424,ducks
7425,chickens
7426,birds
7427,snakes
7428,cows
7429,lions
7430,chickens
7431,cats
7432,cats
7433,fishes
7434,butterflies
7435,chickens
7436,cats
7437,birds
7438,fishes
7439,seals
7440,horses
7441,butterflies
7442,lipsticks
7443,spiders
7444,seals
7445,butterflies
7446,spiders
7447,seals
7448,cats
7449,cows
7450,dogs
7451,cats
7452,fishes
7453,cows
7454,chickens
7455,horses
7456,dogs
7457,handguns
7458,seals
7459,snakes
7460,cats
7461,chickens
7462,elephants
7463,butterflies
7464,dogs
7465,dogs
7466,breads
7467,spiders
7468,spiders
7469,elephants
7470,cows
7471,elephants
7472,cows
7473,elephants
7474,birds
7475,cakes
7476,snakes
7477,cows
7478,lions
7479,dogs
7480,lions
7481,chickens
7482,chickens
7483,cows
7484,cats
7485,cows
7486,chickens
7487,elephants
7488,snakes
7489,elephants
7490,butterflies
7491,cows
7492,birds
7493,spiders
7494,spiders
7495,butterflies
7496,cows
7497,spiders
7498,breads
7499,chickens
7500,chickens
7501,horses
7502,bottles
7503,snakes
7504,cows
7505,horses
7506,dogs
7507,spiders
7508,birds
7509,spiders
7510,elephants
7511,cats
7512,chickens
7513,chickens
7514,spiders
7515,breads
7516,spiders
7517,cakes
7518,elephants
7519,bottles
7520,spiders
7521,elephants
7522,dogs
7523,horses
7524,chickens
7525,cows
7526,butterflies
7527,elephants
7528,lipsticks
7529,chickens
7530,horses
7531,breads
7532,cows
7533,snakes
7534,spiders
7535,butterflies
7536,bottles
7537,cats
7538,lions
7539,snakes
7540,handguns
7541,spiders
7542,seals
7543,horses
7544,breads
7545,chickens
7546,handguns
7547,elephants
7548,butterflies
7549,lipsticks
7550,snakes
7551,lipsticks
7552,seals
7553,vases
7554,elephants
7555,cakes
7556,cows
7557,seals
7558,chickens
7559,ducks
7560,lipsticks
7561,ducks
7562,elephants
7563,breads
7564,chickens
7565,chickens
7566,chickens
7567,cows
7568,horses
7569,lions
7570,cats
7571,cows
7572,butterflies
7573,dogs
7574,ducks
7575,butterflies
7576,butterflies
7577,dogs
7578,breads
7579,cows
7580,birds
7581,cakes
7582,spiders
7583,spiders
7584,chickens
7585,bottles
7586,elephants
7587,butterflies
7588,spiders
7589,spiders
7590,cows
7591,birds
7592,chickens
7593,butterflies
7594,dogs
7595,cows
7596,butterflies
7597,spiders
7598,lions
7599,butterflies
7600,handguns
7601,cats
7602,lipsticks
7603,elephants
7604,spiders
7605,dogs
7606,cats
7607,cows
7608,butterflies
7609,chickens
7610,handguns
7611,vases
7612,spiders
7613,horses
7614,bottles
7615,elephants
7616,bottles
7617,vases
7618,snakes
7619,spiders
7620,handguns
7621,cakes
7622,butterflies
7623,chickens
7624,vases
7625,cows
7626,fishes
7627,cakes
7628,dogs
7629,cows
7630,dogs
7631,vases
7632,cows
7633,fishes
7634,chickens
7635,spiders
7636,cows
7637,elephants
7638,snakes
7639,birds
7640,cats
7641,horses
7642,dogs
7643,seals
7644,chickens
7645,cats
7646,ducks
7647,butterflies
7648,horses
7649,cats
7650,spiders
7651,spiders
7652,handguns
7653,seals
7654,cats
7655,cakes
7656,dogs
7657,cows
7658,elephants
7659,chickens
7660,chickens
7661,dogs
7662,vases
7663,lions
7664,lions
7665,cows
7666,seals
7667,spiders
7668,dogs
7669,cows
7670,chickens
7671,vases
7672,cats
7673,lipsticks
7674,cats
7675,cows
7676,spiders
7677,cats
7678,lipsticks
7679,butterflies
7680,handguns
7681,handguns
7682,elephants
7683,chickens
7684,chickens
7685,chickens
7686,cats
7687,chickens
7688,cows
7689,dogs
7690,cats
7691,handguns
7692,seals
7693,handguns
7694,chickens
7695,butterflies
7696,snakes
7697,ducks
7698,handguns
7699,butterflies
7700,chickens
7701,vases
7702,horses
7703,butterflies
7704,lipsticks
7705,cats
7706,seals
7707,handguns
7708,lipsticks
7709,chickens
7710,elephants
7711,vases
7712,butterflies
7713,cows
7714,dogs
7715,cats
7716,breads
7717,spiders
7718,spiders
7719,cows
7720,spiders
7721,spiders
7722,handguns
7723,cats
7724,chickens
7725,elephants
7726,cats
7727,snakes
7728,cats
7729,chickens
7730,breads
7731,dogs
7732,chickens
7733,spiders
7734,vases
7735,cakes
7736,spiders
7737,lions
7738,chickens
7739,cows
7740,ducks
7741,butterflies
7742,dogs
7743,handguns
7744,cats
7745,butterflies
7746,horses
7747,birds
7748,butterflies
7749,snakes
7750,spiders
7751,horses
7752,spiders
7753,handguns
7754,butterflies
7755,cats
7756,chickens
7757,chickens
7758,bottles
7759,dogs
7760,cows
7761,chickens
7762,snakes
7763,spiders
7764,cats
7765,dogs
7766,vases
7767,lipsticks
7768,birds
7769,birds
7770,vases
7771,chickens
7772,butterflies
7773,seals
7774,seals
7775,cows
7776,spiders
7777,birds
7778,birds
7779,vases
7780,chickens
7781,lions
7782,chickens
7783,butterflies
7784,spiders
7785,vases
7786,cows
7787,horses
7788,spiders
7789,seals
7790,lions
7791,cats
7792,cows
7793,cows
7794,cows
7795,cows
7796,cats
7797,cakes
7798,bottles
7799,cats
7800,cats
7801,cats
7802,bottles
7803,spiders
7804,vases
7805,chickens
7806,breads
7807,horses
7808,lipsticks
7809,spiders
7810,elephants
7811,chickens
7812,horses
7813,cats
7814,butterflies
7815,horses
7816,elephants
7817,elephants
7818,butterflies
7819,horses
7820,dogs
7821,cakes
7822,lipsticks
7823,dogs
7824,vases
7825,cats
7826,spiders
7827,birds
7828,chickens
7829,butterflies
7830,cows
7831,chickens
7832,spiders
7833,vases
7834,cats
7835,cats
7836,spiders
7837,elephants
7838,elephants
7839,bottles
7840,seals
7841,butterflies
7842,butterflies
7843,elephants
7844,spiders
7845,butterflies
7846,vases
7847,elephants
7848,dogs
7849,birds
7850,chickens
7851,horses
7852,breads
7853,horses
7854,cakes
7855,chickens
7856,ducks
7857,chickens
7858,cats
7859,cats
7860,horses
7861,elephants
7862,breads
7863,lipsticks
7864,spiders
7865,cows
7866,cats
7867,cats
7868,cats
7869,dogs
7870,cows
7871,cats
7872,butterflies
7873,fishes
7874,spiders
7875,butterflies
7876,spiders
7877,chickens
7878,bottles
7879,vases
7880,butterflies
7881,elephants
7882,cows
7883,spiders
7884,elephants
7885,butterflies
7886,spiders
7887,elephants
7888,butterflies
7889,seals
7890,snakes
7891,horses
7892,horses
7893,elephants
7894,spiders
7895,butterflies
7896,butterflies
7897,cows
7898,breads
7899,cows
7900,dogs
7901,chickens
7902,ducks
7903,seals
7904,butterflies
7905,breads
7906,cats
7907,elephants
7908,dogs
7909,cows
7910,elephants
7911,spiders
7912,spiders
7913,horses
7914,elephants
7915,elephants
7916,spiders
7917,butterflies
7918,cakes
7919,spiders
7920,elephants
7921,spiders
7922,breads
7923,fishes
7924,cows
7925,butterflies
7926,cows
7927,bottles
7928,fishes
7929,elephants
7930,spiders
7931,chickens
7932,bottles
7933,fishes
7934,spiders
7935,cats
7936,spiders
7937,dogs
7938,elephants
7939,elephants
7940,cats
7941,butterflies
7942,horses
7943,cats
7944,spiders
7945,cows
7946,dogs
7947,elephants
7948,cats
7949,spiders
7950,chickens
7951,cats
7952,seals
7953,dogs
7954,spiders
7955,butterflies
7956,cows
7957,cows
7958,spiders
7959,butterflies
7960,birds
7961,chickens
7962,spiders
7963,cakes
7964,chickens
7965,cows
7966,elephants
7967,dogs
7968,cats
7969,elephants
7970,spiders
7971,butterflies
7972,cats
7973,spiders
7974,cats
7975,lipsticks
7976,bottles
7977,vases
7978,cows
7979,ducks
7980,cows
7981,elephants
7982,cats
7983,dogs
7984,butterflies
7985,vases
7986,dogs
7987,spiders
7988,ducks
7989,cats
7990,lipsticks
7991,horses
7992,ducks
7993,elephants
7994,dogs
7995,ducks
7996,elephants
7997,dogs
7998,breads
7999,fishes
8000,handguns
8001,elephants
8002,vases
8003,vases
8004,birds
8005,ducks
8006,cows
8007,cakes
8008,lipsticks
8009,spiders
8010,spiders
8011,breads
8012,elephants
8013,butterflies
8014,cows
8015,spiders
8016,breads
8017,breads
8018,cats
8019,elephants
8020,cats
8021,lipsticks
8022,snakes
8023,lipsticks
8024,bottles
8025,spiders
8026,elephants
8027,cats
8028,lipsticks
8029,vases
8030,seals
8031,lipsticks
8032,spiders
8033,horses
8034,butterflies
8035,fishes
8036,dogs
8037,cows
8038,cats
8039,spiders
8040,dogs
8041,cats
8042,elephants
8043,snakes
8044,spiders
8045,handguns
8046,elephants
8047,chickens
8048,lions
8049,chickens
8050,snakes
8051,ducks
8052,cats
8053,chickens
8054,seals
8055,elephants
8056,lipsticks
8057,cows
8058,dogs
8059,vases
8060,butterflies
8061,cats
8062,butterflies
8063,cats
8064,cows
8065,ducks
8066,spiders
8067,chickens
8068,cakes
8069,spiders
8070,cows
8071,butterflies
8072,cows
8073,cows
8074,elephants
8075,cakes
8076,cats
8077,cats
8078,cows
8079,cows
8080,chickens
8081,snakes
8082,spiders
8083,horses
8084,elephants
8085,spiders
8086,butterflies
8087,butterflies
8088,lipsticks
8089,handguns
8090,elephants
8091,lions
8092,cats
8093,dogs
8094,horses
8095,handguns
8096,breads
8097,butterflies
8098,lipsticks
8099,seals
8100,cows
8101,chickens
8102,chickens
8103,breads
8104,birds
8105,bottles
8106,dogs
8107,spiders
8108,chickens
8109,butterflies
8110,spiders
8111,spiders
8112,bottles
8113,spiders
8114,breads
8115,cows
8116,cows
8117,cows
8118,cows
8119,spiders
8120,lipsticks
8121,ducks
8122,elephants
8123,seals
8124,chickens
8125,lipsticks
8126,cakes
8127,seals
8128,spiders
8129,spiders
8130,horses
8131,elephants
8132,elephants
8133,cows
8134,elephants
8135,lipsticks
8136,elephants
8137,dogs
8138,spiders
8139,elephants
8140,elephants
8141,spiders
8142,cakes
8143,dogs
8144,cakes
8145,dogs
8146,cows
8147,horses
8148,cats
8149,butterflies
8150,lipsticks
8151,butterflies
8152,bottles
8153,dogs
8154,cats
8155,lipsticks
8156,seals
8157,horses
8158,cats
8159,vases
8160,cows
8161,spiders
8162,lipsticks
8163,cows
8164,cats
8165,spiders
8166,spiders
8167,handguns
8168,elephants
8169,spiders
8170,spiders
8171,butterflies
8172,butterflies
8173,cats
8174,chickens
8175,ducks
8176,dogs
8177,lipsticks
8178,cats
8179,elephants
8180,vases
8181,fishes
8182,horses
8183,elephants
8184,elephants
8185,lipsticks
8186,dogs
8187,lipsticks
8188,cows
8189,butterflies
8190,butterflies
8191,cats
8192,cakes
8193,chickens
8194,cows
8195,butterflies
8196,elephants
8197,dogs
8198,birds
8199,bottles
8200,cats
8201,seals
8202,bottles
8203,vases
8204,spiders
8205,cows
8206,elephants
8207,butterflies
8208,bottles
8209,cows
8210,elephants
8211,cats
8212,chickens
8213,butterflies
8214,breads
8215,butterflies
8216,cows
8217,spiders
8218,lipsticks
8219,spiders
8220,cows
8221,butterflies
8222,horses
8223,bottles
8224,horses
8225,chickens
8226,cats
8227,horses
8228,butterflies
8229,horses
8230,spiders
8231,chickens
8232,horses
8233,chickens
8234,handguns
8235,cakes
8236,elephants
8237,butterflies
8238,vases
8239,elephants
8240,cows
8241,dogs
8242,elephants
8243,cats
8244,lions
8245,vases
8246,cows
8247,bottles
8248,butterflies
8249,breads
8250,spiders
8251,dogs
8252,butterflies
8253,dogs
8254,butterflies
8255,dogs
8256,cows
8257,snakes
8258,breads
8259,spiders
8260,cows
8261,horses
8262,butterflies
8263,ducks
8264,horses
8265,cats
8266,birds
8267,handguns
8268,vases
8269,snakes
8270,butterflies
8271,spiders
8272,vases
8273,ducks
8274,spiders
8275,cows
8276,dogs
8277,dogs
8278,cows
8279,dogs
8280,breads
8281,cats
8282,birds
8283,chickens
8284,vases
8285,elephants
8286,dogs
8287,butterflies
8288,ducks
8289,birds
8290,chickens
8291,birds
8292,chickens
8293,fishes
8294,seals
8295,cats
8296,handguns
8297,cows
8298,horses
8299,cows
8300,breads
8301,cows
8302,vases
8303,dogs
8304,cows
8305,butterflies
8306,breads
8307,handguns
8308,chickens
8309,cats
8310,vases
8311,dogs
8312,lipsticks
8313,cats
8314,vases
8315,breads
8316,vases
8317,vases
8318,breads
8319,chickens
8320,cakes
8321,birds
8322,spiders
8323,butterflies
8324,chickens
8325,bottles
8326,butterflies
8327,handguns
8328,cats
8329,elephants
8330,vases
8331,cats
8332,dogs
8333,vases
8334,dogs
8335,cats
8336,chickens
8337,horses
8338,handguns
8339,seals
8340,dogs
8341,cows
8342,snakes
8343,cows
8344,spiders
8345,spiders
8346,chickens
8347,spiders
8348,chickens
8349,cats
8350,cows
8351,handguns
8352,cats
8353,cats
8354,spiders
8355,cats
8356,elephants
8357,spiders
8358,seals
8359,cats
8360,elephants
8361,elephants
8362,snakes
8363,breads
8364,spiders
8365,breads
8366,snakes
8367,horses
8368,lipsticks
8369,spiders
8370,cats
8371,cakes
8372,cats
8373,elephants
8374,ducks
8375,elephants
8376,cows
8377,butterflies
8378,cows
8379,elephants
8380,cats
8381,cakes
8382,horses
8383,spiders
8384,seals
8385,spiders
8386,horses
8387,breads
8388,cows
8389,spiders
8390,elephants
8391,cats
8392,cows
8393,cows
8394,bottles
8395,cows
8396,chickens
8397,chickens
8398,butterflies
8399,lipsticks
8400,elephants
8401,butterflies
8402,elephants
8403,spiders
8404,cows
8405,lions
8406,handguns
8407,ducks
8408,chickens
8409,handguns
8410,lipsticks
8411,spiders
8412,breads
8413,cows
8414,elephants
8415,chickens
8416,cats
8417,snakes
8418,horses
8419,cats
8420,cows
8421,cakes
8422,elephants
8423,horses
8424,cows
8425,ducks
8426,elephants
8427,elephants
8428,butterflies
8429,chickens
8430,spiders
8431,cakes
8432,spiders
8433,butterflies
8434,horses
8435,spiders
8436,bottles
8437,cats
8438,lipsticks
8439,cats
8440,horses
8441,spiders
8442,cakes
8443,dogs
8444,cats
8445,cats
8446,butterflies
8447,cats
8448,cows
8449,chickens
8450,cows
8451,butterflies
8452,spiders
8453,butterflies
8454,horses
8455,bottles
8456,cats
8457,spiders
8458,dogs
8459,cows
8460,birds
8461,spiders
8462,lions
8463,dogs
8464,butterflies
8465,cakes
8466,dogs
8467,spiders
8468,cats
8469,spiders
8470,spiders
8471,breads
8472,cows
8473,spiders
8474,dogs
8475,dogs
8476,snakes
8477,vases
8478,horses
8479,breads
8480,ducks
8481,horses
8482,cats
8483,cats
8484,elephants
8485,elephants
8486,chickens
8487,chickens
8488,cats
8489,chickens
8490,horses
8491,cows
8492,chickens
8493,lions
8494,spiders
8495,butterflies
8496,butterflies
8497,chickens
8498,elephants
8499,chickens
8500,cows
8501,horses
8502,butterflies
8503,chickens
8504,cats
8505,dogs
8506,breads
8507,spiders
8508,horses
8509,butterflies
8510,cats
8511,chickens
8512,fishes
8513,spiders
8514,ducks
8515,horses
8516,birds
8517,spiders
8518,cats
8519,cats
8520,spiders
8521,seals
8522,chickens
8523,cats
8524,birds
8525,chickens
8526,horses
8527,horses
8528,cows
8529,snakes
8530,cats
8531,cats
8532,bottles
8533,vases
8534,horses
8535,butterflies
8536,lipsticks
8537,butterflies
8538,lions
8539,bottles
8540,cows
8541,bottles
8542,cats
8543,lions
8544,seals
8545,butterflies
8546,elephants
8547,chickens
8548,elephants
8549,birds
8550,seals
8551,vases
8552,lions
8553,elephants
8554,breads
8555,chickens
8556,bottles
8557,spiders
8558,elephants
8559,handguns
8560,dogs
8561,handguns
8562,ducks
8563,spiders
8564,cows
8565,fishes
8566,butterflies
8567,cows
8568,dogs
8569,breads
8570,breads
8571,chickens
8572,cows
8573,elephants
8574,butterflies
8575,elephants
8576,spiders
8577,snakes
8578,handguns
8579,breads
8580,elephants
8581,cats
8582,seals
8583,spiders
8584,vases
8585,cakes
8586,spiders
8587,seals
8588,ducks
8589,horses
8590,cats
8591,butterflies
8592,seals
8593,birds
8594,cats
8595,chickens
8596,cats
8597,lipsticks
8598,elephants
8599,butterflies
8600,butterflies
8601,breads
8602,birds
8603,chickens
8604,spiders
8605,chickens
8606,butterflies
8607,chickens
8608,snakes
8609,snakes
8610,fishes
8611,spiders
8612,horses
8613,dogs
8614,bottles
8615,vases
8616,horses
8617,lipsticks
8618,chickens
8619,dogs
8620,cats
8621,fishes
8622,butterflies
8623,seals
8624,dogs
8625,chickens
8626,cats
8627,fishes
8628,vases
8629,dogs
8630,butterflies
8631,vases
8632,fishes
8633,lipsticks
8634,breads
8635,bottles
8636,spiders
8637,cows
8638,spiders
8639,chickens
8640,breads
8641,lipsticks
8642,elephants
8643,fishes
8644,bottles
8645,cows
8646,snakes
8647,cows
8648,bottles
8649,elephants
8650,elephants
8651,birds
8652,butterflies
8653,bottles
8654,lions
8655,ducks
8656,spiders
8657,butterflies
8658,spiders
8659,butterflies
8660,ducks
8661,cats
8662,spiders
8663,bottles
8664,butterflies
8665,elephants
8666,lipsticks
8667,butterflies
8668,cats
8669,elephants
8670,cats
8671,cows
8672,cows
8673,ducks
8674,butterflies
8675,cats
8676,cats
8677,elephants
8678,horses
8679,butterflies
8680,elephants
8681,spiders
8682,butterflies
8683,vases
8684,chickens
8685,handguns
8686,dogs
8687,breads
8688,elephants
8689,spiders
8690,dogs
8691,cats
8692,snakes
8693,cakes
8694,spiders
8695,elephants
8696,cakes
8697,elephants
8698,handguns
8699,elephants
8700,spiders
8701,elephants
8702,bottles
8703,ducks
8704,spiders
8705,butterflies
8706,fishes
8707,cakes
8708,lipsticks
8709,elephants
8710,horses
8711,dogs
8712,dogs
8713,butterflies
8714,bottles
8715,cows
8716,elephants
8717,butterflies
8718,chickens
8719,dogs
8720,elephants
8721,fishes
8722,ducks
8723,spiders
8724,butterflies
8725,chickens
8726,chickens
8727,cows
8728,lipsticks
8729,dogs
8730,spiders
8731,cows
8732,dogs
8733,handguns
8734,dogs
8735,snakes
8736,cats
8737,cows
8738,chickens
8739,elephants
8740,cakes
8741,ducks
8742,vases
8743,horses
8744,lipsticks
8745,spiders
8746,spiders
8747,cakes
8748,handguns
8749,spiders
8750,ducks
8751,horses
8752,dogs
8753,lions
8754,elephants
8755,ducks
8756,spiders
8757,cats
8758,cats
8759,horses
8760,seals
8761,fishes
8762,spiders
8763,bottles
8764,snakes
8765,dogs
8766,elephants
8767,vases
8768,spiders
8769,bottles
8770,birds
8771,dogs
8772,elephants
8773,butterflies
8774,chickens
8775,cows
8776,cows
8777,lions
8778,cows
8779,elephants
8780,dogs
8781,elephants
8782,horses
8783,lions
8784,dogs
8785,chickens
8786,handguns
8787,spiders
8788,cakes
8789,dogs
8790,snakes
8791,elephants
8792,cakes
8793,elephants
8794,elephants
8795,cakes
8796,spiders
8797,horses
8798,handguns
8799,spiders
8800,ducks
8801,horses
8802,seals
8803,butterflies
8804,horses
8805,elephants
8806,vases
8807,chickens
8808,dogs
8809,seals
8810,bottles
8811,spiders
8812,seals
8813,dogs
8814,cats
8815,seals
8816,cows
8817,cakes
8818,elephants
8819,horses
8820,lipsticks
8821,bottles
8822,butterflies
8823,chickens
8824,birds
8825,butterflies
8826,lions
8827,butterflies
8828,butterflies
8829,vases
8830,elephants
8831,handguns
8832,handguns
8833,ducks
8834,birds
8835,cats
8836,cats
8837,dogs
8838,handguns
8839,cats
8840,snakes
8841,ducks
8842,ducks
8843,spiders
8844,horses
8845,ducks
8846,spiders
8847,horses
8848,spiders
8849,seals
8850,cows
8851,elephants
8852,seals
8853,seals
8854,chickens
8855,elephants
8856,butterflies
8857,chickens
8858,cats
8859,elephants
8860,ducks
8861,spiders
8862,lipsticks
8863,dogs
8864,horses
8865,birds
8866,chickens
8867,cows
8868,cows
8869,butterflies
8870,cakes
8871,elephants
8872,horses
8873,ducks
8874,horses
8875,elephants
8876,butterflies
8877,horses
8878,birds
8879,spiders
8880,chickens
8881,snakes
8882,ducks
8883,cakes
8884,lipsticks
8885,chickens
8886,seals
8887,seals
8888,elephants
8889,butterflies
8890,butterflies
8891,vases
8892,handguns
8893,ducks
8894,cats
8895,snakes
8896,butterflies
8897,breads
8898,seals
8899,bottles
8900,butterflies
8901,cows
8902,spiders
8903,fishes
8904,elephants
8905,horses
8906,spiders
8907,butterflies
8908,dogs
8909,bottles
8910,vases
8911,horses
8912,cows
8913,spiders
8914,chickens
8915,elephants
8916,ducks
8917,snakes
8918,butterflies
8919,cats
8920,seals
8921,cakes
8922,bottles
8923,breads
8924,bottles
8925,snakes
8926,cows
8927,chickens
8928,horses
8929,chickens
8930,snakes
8931,chickens
8932,seals
8933,spiders
8934,spiders
8935,snakes
8936,elephants
8937,vases
8938,vases
8939,handguns
8940,elephants
8941,ducks
8942,bottles
8943,cows
8944,bottles
8945,chickens
8946,elephants
8947,cakes
8948,fishes
8949,lipsticks
8950,vases
8951,spiders
8952,chickens
8953,dogs
8954,horses
8955,handguns
8956,cows
8957,butterflies
8958,ducks
8959,cows
8960,cakes
8961,breads
8962,chickens
8963,cats
8964,breads
8965,handguns
8966,spiders
8967,chickens
8968,cows
8969,birds
8970,cats
8971,vases
8972,lipsticks
8973,cakes
8974,seals
8975,spiders
8976,elephants
8977,breads
8978,cats
8979,horses
8980,birds
8981,cakes
8982,snakes
8983,butterflies
8984,spiders
8985,vases
8986,chickens
8987,cows
8988,spiders
8989,butterflies
8990,butterflies
8991,spiders
8992,dogs
8993,vases
8994,breads
8995,elephants
8996,handguns
8997,cows
8998,bottles
8999,cats
9000,spiders
9001,breads
9002,handguns
9003,cows
9004,dogs
9005,lipsticks
9006,spiders
9007,snakes
9008,horses
9009,cats
9010,lions
9011,ducks
9012,cats
9013,chickens
9014,butterflies
9015,cats
9016,seals
9017,cakes
9018,cows
9019,cats
9020,cats
9021,birds
9022,chickens
9023,lions
9024,elephants
9025,breads
9026,cows
9027,cats
9028,butterflies
9029,handguns
9030,cats
9031,elephants
9032,cats
9033,seals
9034,spiders
9035,butterflies
9036,bottles
9037,elephants
9038,butterflies
9039,snakes
9040,horses
9041,chickens
9042,cats
9043,breads
9044,cows
9045,spiders
9046,bottles
9047,cats
9048,butterflies
9049,spiders
9050,seals
9051,elephants
9052,horses
9053,horses
9054,butterflies
9055,vases
9056,elephants
9057,fishes
9058,chickens
9059,spiders
9060,elephants
9061,butterflies
9062,dogs
9063,elephants
9064,seals
9065,spiders
9066,butterflies
9067,elephants
9068,elephants
9069,seals
9070,handguns
9071,birds
9072,lions
9073,fishes
9074,elephants
9075,bottles
9076,handguns
9077,cats
9078,spiders
9079,cats
9080,seals
9081,elephants
9082,spiders
9083,butterflies
9084,handguns
9085,seals
9086,butterflies
9087,cats
9088,lipsticks
9089,spiders
9090,spiders
9091,cats
9092,breads
9093,horses
9094,cakes
9095,breads
9096,cows
9097,horses
9098,lipsticks
9099,chickens
9100,cows
9101,lipsticks
9102,horses
9103,chickens
9104,lipsticks
9105,chickens
9106,chickens
9107,dogs
9108,lipsticks
9109,elephants
9110,elephants
9111,elephants
9112,elephants
9113,ducks
9114,spiders
9115,bottles
9116,breads
9117,seals
9118,butterflies
9119,dogs
9120,butterflies
9121,handguns
9122,butterflies
9123,butterflies
9124,birds
9125,cows
9126,butterflies
9127,elephants
9128,spiders
9129,cats
9130,vases
9131,ducks
9132,bottles
9133,dogs
9134,horses
9135,vases
9136,spiders
9137,spiders
9138,cows
9139,handguns
9140,dogs
9141,chickens
9142,elephants
9143,horses
9144,birds
9145,cakes
9146,handguns
9147,horses
9148,spiders
9149,birds
9150,butterflies
9151,elephants
9152,butterflies
9153,vases
9154,butterflies
9155,cats
9156,chickens
9157,vases
9158,elephants
9159,seals
9160,cats
9161,breads
9162,dogs
9163,birds
9164,chickens
9165,elephants
9166,spiders
9167,spiders
9168,dogs
9169,spiders
9170,cows
9171,cows
9172,birds
9173,elephants
9174,breads
9175,lions
9176,elephants
9177,dogs
9178,fishes
9179,cats
9180,cows
9181,butterflies
9182,cows
9183,cows
9184,butterflies
9185,elephants
9186,lipsticks
9187,elephants
9188,spiders
9189,fishes
9190,seals
9191,fishes
9192,cats
9193,handguns
9194,handguns
9195,bottles
9196,elephants
9197,seals
9198,cats
9199,dogs
9200,cows
9201,seals
9202,cows
9203,butterflies
9204,cats
9205,lipsticks
9206,handguns
9207,handguns
9208,dogs
9209,lipsticks
9210,spiders
9211,vases
9212,spiders
9213,cows
9214,cows
9215,snakes
9216,cakes
9217,vases
9218,elephants
9219,elephants
9220,horses
9221,fishes
9222,cows
9223,breads
9224,spiders
9225,spiders
9226,elephants
9227,horses
9228,cows
9229,butterflies
9230,spiders
9231,spiders
9232,cows
9233,butterflies
9234,cows
9235,chickens
9236,elephants
9237,elephants
9238,spiders
9239,handguns
9240,dogs
9241,lions
9242,bottles
9243,handguns
9244,cows
9245,lions
9246,elephants
9247,butterflies
9248,snakes
9249,vases
9250,cats
9251,snakes
9252,butterflies
9253,cows
9254,elephants
9255,cats
9256,bottles
9257,spiders
9258,elephants
9259,birds
9260,cows
9261,cats
9262,cats
9263,cats
9264,horses
9265,lions
9266,snakes
9267,elephants
9268,spiders
9269,butterflies
9270,butterflies
9271,bottles
9272,seals
9273,cows
9274,horses
9275,butterflies
9276,horses
9277,dogs
9278,spiders
9279,horses
9280,vases
9281,spiders
9282,snakes
9283,butterflies
9284,cows
9285,butterflies
9286,lipsticks
9287,chickens
9288,seals
9289,dogs
9290,elephants
9291,cows
9292,elephants
9293,horses
9294,lipsticks
9295,dogs
9296,spiders
9297,dogs
9298,cats
9299,cows
9300,vases
9301,dogs
9302,spiders
9303,horses
9304,lions
9305,dogs
9306,seals
9307,spiders
9308,elephants
9309,chickens
9310,horses
9311,cakes
9312,dogs
9313,cats
9314,snakes
9315,dogs
9316,spiders
9317,bottles
9318,horses
9319,dogs
9320,handguns
9321,cakes
9322,chickens
9323,fishes
9324,cows
9325,lipsticks
9326,elephants
9327,elephants
9328,elephants
9329,cakes
9330,elephants
9331,dogs
9332,butterflies
9333,dogs
9334,dogs
9335,butterflies
9336,seals
9337,breads
9338,handguns
9339,lipsticks
9340,vases
9341,lipsticks
9342,snakes
9343,cows
9344,horses
9345,elephants
9346,lions
9347,elephants
9348,breads
9349,dogs
9350,fishes
9351,elephants
9352,spiders
9353,elephants
9354,elephants
9355,spiders
9356,butterflies
9357,vases
9358,vases
9359,horses
9360,horses
9361,cows
9362,fishes
9363,chickens
9364,spiders
9365,birds
9366,butterflies
9367,cats
9368,breads
9369,cows
9370,cats
9371,cows
9372,birds
9373,birds
9374,chickens
9375,spiders
9376,horses
9377,cats
9378,spiders
9379,butterflies
9380,breads
9381,spiders
9382,cats
9383,lipsticks
9384,cats
9385,cakes
9386,breads
9387,breads
9388,spiders
9389,vases
9390,chickens
9391,cats
9392,spiders
9393,snakes
9394,horses
9395,bottles
9396,handguns
9397,spiders
9398,cats
9399,cows
9400,horses
9401,cows
9402,chickens
9403,chickens
9404,elephants
9405,dogs
9406,chickens
9407,spiders
9408,spiders
9409,lions
9410,dogs
9411,breads
9412,vases
9413,seals
9414,spiders
9415,cakes
9416,cakes
9417,spiders
9418,ducks
9419,butterflies
9420,dogs
9421,elephants
9422,vases
9423,dogs
9424,handguns
9425,spiders
9426,horses
9427,cows
9428,cats
9429,horses
9430,lipsticks
9431,elephants
9432,horses
9433,dogs
9434,handguns
9435,spiders
9436,lions
9437,dogs
9438,handguns
9439,spiders
9440,breads
9441,fishes
9442,cakes
9443,cows
9444,horses
9445,dogs
9446,cows
9447,horses
9448,elephants
9449,spiders
9450,spiders
9451,vases
9452,butterflies
9453,cakes
9454,chickens
9455,dogs
9456,spiders
9457,cows
9458,cats
9459,cows
9460,vases
9461,lipsticks
9462,lipsticks
9463,cats
9464,vases
9465,horses
9466,cows
9467,butterflies
9468,cats
9469,bottles
9470,chickens
9471,cats
9472,lions
9473,horses
9474,spiders
9475,cows
9476,bottles
9477,horses
9478,cows
9479,chickens
9480,dogs
9481,birds
9482,elephants
9483,cows
9484,butterflies
9485,cows
9486,ducks
9487,cows
9488,elephants
9489,cats
9490,horses
9491,elephants
9492,spiders
9493,spiders
9494,butterflies
9495,vases
9496,spiders
9497,spiders
9498,cows
9499,breads
9500,elephants
9501,vases
9502,cows
9503,bottles
9504,handguns
9505,ducks
9506,ducks
9507,seals
9508,breads
9509,snakes
9510,chickens
9511,lipsticks
9512,butterflies
9513,elephants
9514,horses
9515,cats
9516,cakes
9517,bottles
9518,horses
9519,horses
9520,cows
9521,horses
9522,butterflies
9523,spiders
9524,elephants
9525,chickens
9526,handguns
9527,birds
9528,dogs
9529,vases
9530,handguns
9531,cats
9532,spiders
9533,dogs
9534,cats
9535,elephants
9536,lipsticks
9537,chickens
9538,lipsticks
9539,elephants
9540,spiders
9541,handguns
9542,chickens
9543,elephants
9544,spiders
9545,butterflies
9546,spiders
9547,lipsticks
9548,vases
9549,elephants
9550,bottles
9551,handguns
9552,butterflies
9553,chickens
9554,horses
9555,elephants
9556,horses
9557,seals
9558,cows
9559,horses
9560,elephants
9561,vases
9562,chickens
9563,dogs
9564,lipsticks
9565,cats
9566,snakes
9567,dogs
9568,horses
9569,spiders
9570,cows
9571,seals
9572,cats
9573,handguns
9574,cats
9575,butterflies
9576,elephants
9577,horses
9578,cakes
9579,spiders
9580,horses
9581,lions
9582,seals
9583,elephants
9584,ducks
9585,cows
9586,snakes
9587,cows
9588,lipsticks
9589,cats
9590,cows
9591,breads
9592,dogs
9593,seals
9594,butterflies
9595,dogs
9596,horses
9597,butterflies
9598,butterflies
9599,elephants
9600,cats
9601,spiders
9602,elephants
9603,bottles
9604,horses
9605,spiders
9606,fishes
9607,elephants
9608,cakes
9609,bottles
9610,butterflies
9611,elephants
9612,cats
9613,spiders
9614,horses
9615,bottles
9616,spiders
9617,horses
9618,cows
9619,cats
9620,butterflies
9621,bottles
9622,lipsticks
9623,cats
9624,lipsticks
9625,cows
9626,handguns
9627,breads
9628,dogs
9629,spiders
9630,seals
9631,bottles
9632,elephants
9633,fishes
9634,seals
9635,vases
9636,horses
9637,horses
9638,bottles
9639,seals
9640,cows
9641,dogs
9642,lipsticks
9643,snakes
9644,bottles
9645,cats
9646,cakes
9647,cows
9648,cows
9649,bottles
9650,handguns
9651,butterflies
9652,chickens
9653,snakes
9654,lipsticks
9655,snakes
9656,spiders
9657,seals
9658,chickens
9659,dogs
9660,spiders
9661,dogs
9662,spiders
9663,vases
9664,snakes
9665,horses
9666,cows
9667,cats
9668,spiders
9669,horses
9670,breads
9671,ducks
9672,cows
9673,spiders
9674,breads
9675,cats
9676,birds
9677,horses
9678,cows
9679,dogs
9680,fishes
9681,cats
9682,chickens
9683,butterflies
9684,spiders
9685,elephants
9686,ducks
9687,horses
9688,cows
9689,horses
9690,cats
9691,dogs
9692,cows
9693,elephants
9694,cows
9695,chickens
9696,lipsticks
9697,dogs
9698,butterflies
9699,cows
9700,lipsticks
9701,dogs
9702,cows
9703,lions
9704,cakes
9705,spiders
9706,spiders
9707,vases
9708,elephants
9709,vases
9710,birds
9711,spiders
9712,chickens
9713,bottles
9714,cats
9715,elephants
9716,chickens
9717,ducks
9718,horses
9719,elephants
9720,breads
9721,lipsticks
9722,cats
9723,bottles
9724,butterflies
9725,seals
9726,lipsticks
9727,fishes
9728,ducks
9729,cats
9730,elephants
9731,butterflies
9732,cows
9733,cows
9734,cats
9735,elephants
9736,cows
9737,cakes
9738,spiders
9739,chickens
9740,butterflies
9741,dogs
9742,lipsticks
9743,cats
9744,spiders
9745,lipsticks
9746,chickens
9747,dogs
9748,ducks
9749,chickens
9750,chickens
9751,chickens
9752,horses
9753,elephants
9754,seals
9755,spiders
9756,chickens
9757,elephants
9758,chickens
9759,chickens
9760,spiders
9761,cats
9762,cats
9763,breads
9764,butterflies
9765,chickens
9766,lipsticks
9767,chickens
9768,birds
9769,butterflies
9770,ducks
9771,cows
9772,fishes
9773,elephants
9774,bottles
9775,bottles
9776,cats
9777,ducks
9778,cows
9779,cakes
9780,cats
9781,horses
9782,fishes
9783,cats
9784,spiders
9785,lipsticks
9786,vases
9787,cats
9788,butterflies
9789,butterflies
9790,vases
9791,cows
9792,cats
9793,cows
9794,chickens
9795,chickens
9796,lions
9797,cats
9798,lipsticks
9799,spiders
9800,lipsticks
9801,elephants
9802,spiders
9803,lions
9804,cows
9805,handguns
9806,handguns
9807,elephants
9808,cats
9809,cows
9810,handguns
9811,chickens
9812,spiders
9813,dogs
9814,chickens
9815,horses
9816,breads
9817,butterflies
9818,ducks
9819,bottles
9820,snakes
9821,butterflies
9822,cakes
9823,elephants
9824,horses
9825,lipsticks
9826,chickens
9827,horses
9828,horses
9829,butterflies
9830,cats
9831,elephants
9832,spiders
9833,butterflies
9834,cats
9835,cows
9836,spiders
9837,breads
9838,horses
9839,cows
9840,cats
9841,butterflies
9842,horses
9843,dogs
9844,breads
9845,breads
9846,spiders
9847,cows
9848,cows
9849,horses
9850,butterflies
9851,dogs
9852,spiders
9853,spiders
9854,cats
9855,spiders
9856,lions
9857,fishes
9858,cows
9859,lipsticks
9860,horses
9861,lipsticks
9862,spiders
9863,cats
9864,ducks
9865,lipsticks
9866,elephants
9867,elephants
9868,spiders
9869,cakes
9870,cows
9871,elephants
9872,handguns
9873,chickens
9874,elephants
9875,horses
9876,chickens
9877,elephants
9878,seals
9879,elephants
9880,lions
9881,cows
9882,spiders
9883,seals
9884,handguns
9885,horses
9886,bottles
9887,elephants
9888,spiders
9889,bottles
9890,dogs
9891,butterflies
9892,horses
9893,lipsticks
9894,butterflies
9895,snakes
9896,handguns
9897,elephants
9898,spiders
9899,cats
9900,vases
9901,lions
9902,handguns
9903,bottles
9904,birds
9905,ducks
9906,butterflies
9907,elephants
9908,vases
9909,spiders
9910,spiders
9911,lipsticks
9912,ducks
9913,cows
9914,bottles
9915,lipsticks
9916,spiders
9917,elephants
9918,spiders
9919,spiders
9920,butterflies
9921,spiders
9922,seals
9923,cakes
9924,breads
9925,snakes
9926,ducks
9927,cows
9928,chickens
9929,chickens
9930,horses
9931,cats
9932,butterflies
9933,birds
9934,cows
9935,elephants
9936,seals
9937,lions
9938,elephants
9939,breads
9940,spiders
9941,snakes
9942,chickens
9943,spiders
9944,butterflies
9945,dogs
9946,butterflies
9947,elephants
9948,spiders
9949,cats
9950,spiders
9951,elephants
9952,butterflies
9953,butterflies
9954,chickens
9955,bottles
9956,cakes
9957,vases
9958,ducks
9959,spiders
9960,spiders
9961,spiders
9962,butterflies
9963,cows
9964,cows
9965,lions
9966,lipsticks
9967,bottles
9968,bottles
9969,dogs
9970,spiders
9971,spiders
9972,cats
9973,butterflies
9974,chickens
9975,bottles
9976,seals
9977,horses
9978,lipsticks
9979,seals
9980,cows
9981,seals
9982,cows
9983,cows
9984,cats
9985,snakes
9986,lipsticks
9987,elephants
9988,breads
9989,breads
9990,breads
9991,butterflies
9992,ducks
9993,bottles
9994,dogs
9995,horses
9996,handguns
9997,cats
9998,chickens
9999,handguns
10000,elephants
10001,butterflies
10002,butterflies
10003,elephants
10004,cats
10005,dogs
10006,breads
10007,cakes
10008,cows
10009,breads
10010,butterflies
10011,cows
10012,butterflies
10013,birds
10014,butterflies
10015,butterflies
10016,cats
10017,dogs
10018,chickens
10019,breads
10020,butterflies
10021,birds
10022,breads
10023,cows
10024,dogs
10025,seals
10026,cows
10027,elephants
10028,dogs
10029,horses
10030,lipsticks
10031,lions
10032,cats
10033,elephants
10034,horses
10035,horses
10036,cats
10037,spiders
10038,horses
10039,breads
10040,chickens
10041,fishes
10042,elephants
10043,cakes
10044,chickens
10045,cows
10046,cats
10047,spiders
10048,ducks
10049,spiders
10050,bottles
10051,butterflies
10052,bottles
10053,lipsticks
10054,vases
10055,spiders
10056,cows
10057,spiders
10058,butterflies
10059,fishes
10060,elephants
10061,spiders
10062,elephants
10063,handguns
10064,dogs
10065,cows
10066,bottles
10067,elephants
10068,butterflies
10069,vases
10070,cats
10071,cats
10072,breads
10073,spiders
10074,spiders
10075,dogs
10076,birds
10077,dogs
10078,horses
10079,vases
10080,cows
10081,cats
10082,elephants
10083,horses
10084,cats
10085,chickens
10086,horses
10087,cats
10088,cats
10089,lipsticks
10090,dogs
10091,elephants
10092,breads
10093,cows
10094,horses
10095,spiders
10096,elephants
10097,horses
10098,elephants
10099,lions
10100,bottles
10101,spiders
10102,cats
10103,cows
10104,dogs
10105,breads
10106,cakes
10107,horses
10108,birds
10109,cows
10110,butterflies
10111,birds
10112,vases
10113,vases
10114,chickens
10115,cats
10116,elephants
10117,snakes
10118,horses
10119,cows
10120,cakes
10121,dogs
10122,chickens
10123,seals
10124,elephants
10125,snakes
10126,birds
10127,cows
10128,cakes
10129,seals
10130,cows
10131,handguns
10132,chickens
10133,bottles
10134,spiders
10135,lipsticks
10136,elephants
10137,chickens
10138,snakes
10139,elephants
10140,cows
10141,cows
10142,cows
10143,breads
10144,horses
10145,butterflies
10146,butterflies
10147,chickens
10148,handguns
10149,horses
10150,elephants
10151,elephants
10152,breads
10153,lions
10154,horses
10155,ducks
10156,cows
10157,lions
10158,butterflies
10159,elephants
10160,birds
10161,birds
10162,chickens
10163,breads
10164,chickens
10165,dogs
10166,cats
10167,chickens
10168,dogs
10169,fishes
10170,vases
10171,lipsticks
10172,handguns
10173,breads
10174,breads
10175,seals
10176,chickens
10177,seals
10178,spiders
10179,cows
10180,cows
10181,dogs
10182,butterflies
10183,bottles
10184,spiders
10185,cakes
10186,cows
10187,bottles
10188,cows
10189,cats
10190,spiders
10191,bottles
10192,chickens
10193,bottles
10194,vases
10195,spiders
10196,bottles
10197,elephants
10198,vases
10199,horses
10200,handguns
10201,lions
10202,spiders
10203,dogs
10204,bottles
10205,seals
10206,chickens
10207,horses
10208,chickens
10209,chickens
10210,handguns
10211,cats
10212,butterflies
10213,birds
10214,vases
10215,horses
10216,chickens
10217,dogs
10218,ducks
10219,seals
10220,vases
10221,elephants
10222,handguns
10223,butterflies
10224,bottles
10225,butterflies
10226,chickens
10227,dogs
10228,butterflies
10229,spiders
10230,cats
10231,butterflies
10232,spiders
10233,bottles
10234,horses
10235,lipsticks
10236,chickens
10237,vases
10238,snakes
10239,horses
10240,cows
10241,snakes
10242,elephants
10243,breads
10244,dogs
10245,butterflies
10246,ducks
10247,spiders
10248,butterflies
10249,vases
10250,cats
10251,breads
10252,chickens
10253,chickens
10254,lipsticks
10255,snakes
10256,horses
10257,elephants
10258,snakes
10259,chickens
10260,dogs
10261,cows
10262,butterflies
10263,spiders
10264,dogs
10265,lipsticks
10266,elephants
10267,cakes
10268,chickens
10269,fishes
10270,vases
10271,dogs
10272,cows
10273,spiders
10274,spiders
10275,elephants
10276,cows
10277,butterflies
10278,spiders
10279,lipsticks
10280,lions
10281,elephants
10282,chickens
10283,butterflies
10284,ducks
10285,cats
10286,chickens
10287,cats
10288,cats
10289,elephants
10290,vases
10291,spiders
10292,cakes
10293,spiders
10294,elephants
10295,lions
10296,vases
10297,dogs
10298,elephants
10299,horses
10300,vases
10301,elephants
10302,spiders
10303,cows
10304,cats
10305,cows
10306,dogs
10307,spiders
10308,chickens
10309,dogs
10310,cakes
10311,cows
10312,snakes
10313,spiders
10314,ducks
10315,snakes
10316,dogs
10317,dogs
10318,elephants
10319,breads
10320,handguns
10321,lions
10322,cats
10323,cows
10324,breads
10325,cows
10326,cats
10327,snakes
10328,butterflies
10329,vases
10330,cats
10331,elephants
10332,bottles
10333,chickens
10334,birds
10335,butterflies
10336,dogs
10337,dogs
10338,butterflies
10339,bottles
10340,seals
10341,fishes
10342,dogs
10343,elephants
10344,cows
10345,dogs
10346,horses
10347,chickens
10348,spiders
10349,cats
10350,chickens
10351,breads
10352,cats
10353,chickens
10354,seals
10355,dogs
10356,butterflies
10357,bottles
10358,elephants
10359,cows
10360,dogs
10361,birds
10362,cats
10363,ducks
10364,chickens
10365,breads
10366,cakes
10367,butterflies
10368,handguns
10369,birds
10370,lipsticks
10371,elephants
10372,chickens
10373,cows
10374,ducks
10375,chickens
10376,elephants
10377,dogs
10378,cows
10379,breads
10380,dogs
10381,snakes
10382,snakes
10383,ducks
10384,chickens
10385,cats
10386,cats
10387,chickens
10388,handguns
10389,spiders
10390,horses
10391,elephants
10392,ducks
10393,seals
10394,cows
10395,elephants
10396,dogs
10397,breads
10398,seals
10399,chickens
10400,lipsticks
10401,butterflies
10402,cows
10403,cats
10404,birds
10405,butterflies
10406,cats
10407,cats
10408,handguns
10409,snakes
10410,spiders
10411,horses
10412,handguns
10413,elephants
10414,dogs
10415,cats
10416,butterflies
10417,snakes
10418,ducks
10419,seals
10420,cows
10421,chickens
10422,spiders
10423,cows
10424,dogs
10425,horses
10426,spiders
10427,cows
10428,horses
10429,spiders
10430,chickens
10431,cakes
10432,dogs
10433,cats
10434,fishes
10435,cows
10436,spiders
10437,breads
10438,dogs
10439,ducks
10440,cats
10441,cows
10442,bottles
10443,spiders
10444,butterflies
10445,cats
10446,horses
10447,dogs
10448,spiders
10449,dogs
10450,cows
10451,vases
10452,handguns
10453,spiders
10454,cows
10455,cats
10456,cats
10457,elephants
10458,bottles
10459,chickens
10460,chickens
10461,cakes
10462,handguns
10463,chickens
10464,horses
10465,elephants
10466,butterflies
10467,cows
10468,chickens
10469,elephants
10470,spiders
10471,lions
10472,vases
10473,bottles
10474,breads
10475,elephants
10476,elephants
10477,handguns
10478,chickens
10479,vases
10480,ducks
10481,snakes
10482,elephants
10483,breads
10484,cows
10485,dogs
10486,dogs
10487,chickens
10488,cows
10489,butterflies
10490,vases
10491,dogs
10492,elephants
10493,dogs
10494,elephants
10495,elephants
10496,horses
10497,chickens
10498,dogs
10499,snakes
10500,breads
10501,cows
10502,elephants
10503,dogs
10504,dogs
10505,vases
10506,cows
10507,lipsticks
10508,elephants
10509,cows
10510,dogs
10511,elephants
10512,spiders
10513,chickens
10514,horses
10515,elephants
10516,cats
10517,chickens
10518,breads
10519,spiders
10520,cats
10521,snakes
10522,dogs
10523,dogs
10524,horses
10525,dogs
10526,spiders
10527,fishes
10528,cows
10529,elephants
10530,lions
10531,vases
10532,elephants
10533,seals
10534,ducks
10535,spiders
10536,elephants
10537,cows
10538,elephants
10539,spiders
10540,lipsticks
10541,butterflies
10542,butterflies
10543,birds
10544,handguns
10545,spiders
10546,seals
10547,spiders
10548,cows
10549,breads
10550,cows
10551,elephants
10552,elephants
10553,spiders
10554,spiders
10555,cakes
10556,cows
10557,cows
10558,cats
10559,horses
10560,elephants
10561,spiders
10562,lipsticks
10563,butterflies
10564,cows
10565,cows
10566,dogs
10567,horses
10568,horses
10569,horses
10570,vases
10571,birds
10572,cats
10573,lipsticks
10574,elephants
10575,dogs
10576,spiders
10577,spiders
10578,vases
10579,fishes
10580,birds
10581,cows
10582,fishes
10583,snakes
10584,cats
10585,vases
10586,cats
10587,snakes
10588,breads
10589,butterflies
10590,cakes
10591,cows
10592,elephants
10593,butterflies
10594,cats
10595,fishes
10596,dogs
10597,cats
10598,elephants
10599,cats
10600,breads
10601,chickens
10602,elephants
10603,butterflies
10604,elephants
10605,snakes
10606,lipsticks
10607,lipsticks
10608,handguns
10609,horses
10610,vases
10611,bottles
10612,dogs
10613,cats
10614,ducks
10615,cows
10616,bottles
10617,birds
10618,bottles
10619,butterflies
10620,butterflies
10621,lipsticks
10622,vases
10623,butterflies
10624,bottles
10625,chickens
10626,cows
10627,horses
10628,spiders
10629,spiders
10630,dogs
10631,cats
10632,lipsticks
10633,dogs
10634,butterflies
10635,spiders
10636,chickens
10637,elephants
10638,cats
10639,cows
10640,cats
10641,cakes
10642,cakes
10643,dogs
10644,chickens
10645,spiders
10646,breads
10647,ducks
10648,spiders
10649,dogs
10650,dogs
10651,dogs
10652,cows
10653,chickens
10654,seals
10655,horses
10656,snakes
10657,horses
10658,elephants
10659,spiders
10660,cakes
10661,elephants
10662,elephants
10663,handguns
10664,cows
10665,spiders
10666,spiders
10667,breads
10668,cats
10669,butterflies
10670,cats
10671,butterflies
10672,horses
10673,chickens
10674,chickens
10675,cows
10676,elephants
10677,bottles
10678,handguns
10679,butterflies
10680,spiders
10681,chickens
10682,butterflies
10683,birds
10684,snakes
10685,elephants
10686,dogs
10687,bottles
10688,ducks
10689,butterflies
10690,snakes
10691,spiders
10692,cats
10693,vases
10694,dogs
10695,horses
10696,cats
10697,cats
10698,bottles
10699,spiders
10700,horses
10701,cats
10702,butterflies
10703,breads
10704,handguns
10705,birds
10706,handguns
10707,butterflies
10708,breads
10709,cows
10710,dogs
10711,chickens
10712,chickens
10713,fishes
10714,butterflies
10715,lipsticks
10716,cows
10717,butterflies
10718,elephants
10719,breads
10720,cats
10721,spiders
10722,vases
10723,elephants
10724,lions
10725,cows
10726,chickens
10727,butterflies
10728,cows
10729,dogs
10730,elephants
10731,butterflies
10732,cakes
10733,chickens
10734,bottles
10735,lions
10736,breads
10737,cats
10738,cats
10739,cats
10740,fishes
10741,elephants
10742,lipsticks
10743,elephants
10744,snakes
10745,dogs
10746,butterflies
10747,spiders
10748,dogs
10749,lions
10750,bottles
10751,breads
10752,chickens
10753,chickens
10754,horses
10755,cats
10756,chickens
10757,butterflies
10758,chickens
10759,dogs
10760,chickens
10761,vases
10762,handguns
10763,lipsticks
10764,fishes
10765,cats
10766,vases
10767,spiders
10768,cats
10769,chickens
10770,cakes
10771,butterflies
10772,elephants
10773,cats
10774,lipsticks
10775,horses
10776,vases
10777,ducks
10778,lipsticks
10779,cats
10780,handguns
10781,butterflies
10782,handguns
10783,horses
10784,spiders
10785,butterflies
10786,spiders
10787,lipsticks
10788,bottles
10789,cakes
10790,butterflies
10791,dogs
10792,dogs
10793,spiders
10794,elephants
10795,spiders
10796,butterflies
10797,bottles
10798,ducks
10799,cows
10800,cows
10801,chickens
10802,seals
10803,dogs
10804,horses
10805,lions
10806,dogs
10807,handguns
10808,chickens
10809,birds
10810,butterflies
10811,dogs
10812,butterflies
10813,horses
10814,spiders
10815,horses
10816,chickens
10817,cats
10818,breads
10819,cats
10820,horses
10821,horses
10822,cats
10823,cats
10824,elephants
10825,handguns
10826,dogs
10827,cats
10828,lipsticks
10829,horses
10830,spiders
10831,bottles
10832,spiders
10833,breads
10834,elephants
10835,snakes
10836,cats
10837,horses
10838,cats
10839,bottles
10840,butterflies
10841,spiders
10842,elephants
10843,horses
10844,cows
10845,dogs
10846,spiders
10847,cows
10848,spiders
10849,cows
10850,dogs
10851,cows
10852,chickens
10853,cats
10854,dogs
10855,cats
10856,elephants
10857,cows
10858,horses
10859,chickens
10860,seals
10861,lipsticks
10862,dogs
10863,vases
10864,chickens
10865,cats
10866,vases
10867,elephants
10868,breads
10869,snakes
10870,cows
10871,cows
10872,cakes
10873,elephants
10874,dogs
10875,horses
10876,ducks
10877,cakes
10878,horses
10879,vases
10880,handguns
10881,cats
10882,spiders
10883,chickens
10884,horses
10885,cats
10886,snakes
10887,bottles
10888,butterflies
10889,lions
10890,dogs
10891,cats
10892,ducks
10893,butterflies
10894,spiders
10895,butterflies
10896,elephants
10897,butterflies
10898,spiders
10899,cats
10900,handguns
10901,cows
10902,cakes
10903,chickens
10904,horses
10905,chickens
10906,elephants
10907,spiders
10908,butterflies
10909,cakes
10910,bottles
10911,cats
10912,cats
10913,spiders
10914,chickens
10915,spiders
10916,horses
10917,chickens
10918,handguns
10919,cows
10920,cows
10921,cats
10922,handguns
10923,butterflies
10924,cakes
10925,dogs
10926,cats
10927,spiders
10928,lipsticks
10929,spiders
10930,fishes
10931,lions
10932,butterflies
10933,cakes
10934,spiders
10935,elephants
10936,fishes
10937,ducks
10938,bottles
10939,spiders
10940,birds
10941,breads
10942,vases
10943,butterflies
10944,fishes
10945,seals
10946,dogs
10947,birds
10948,chickens
10949,lions
10950,breads
10951,birds
10952,cows
10953,cats
10954,ducks
10955,ducks
10956,cakes
10957,lions
10958,vases
10959,spiders
10960,elephants
10961,elephants
10962,spiders
10963,cats
10964,elephants
10965,cats
10966,dogs
10967,butterflies
10968,elephants
10969,butterflies
10970,chickens
10971,lions
10972,breads
10973,cows
10974,chickens
10975,cats
10976,seals
10977,chickens
10978,snakes
10979,elephants
10980,lipsticks
10981,seals
10982,lipsticks
10983,cows
10984,bottles
10985,cakes
10986,spiders
10987,cats
10988,breads
10989,cows
10990,vases
10991,cats
10992,cows
10993,spiders
10994,butterflies
10995,cats
10996,vases
10997,elephants
10998,butterflies
10999,horses
11000,elephants
11001,chickens
11002,horses
11003,horses
11004,horses
11005,snakes
11006,fishes
11007,spiders
11008,butterflies
11009,cows
11010,elephants
11011,lipsticks
11012,chickens
11013,spiders
11014,vases
11015,fishes
11016,cats
11017,cats
11018,chickens
11019,spiders
11020,vases
11021,cows
11022,butterflies
11023,elephants
11024,breads
11025,ducks
11026,bottles
11027,lipsticks
11028,birds
11029,breads
11030,birds
11031,fishes
11032,spiders
11033,snakes
11034,cows
11035,dogs
11036,spiders
11037,spiders
11038,elephants
11039,lions
11040,butterflies
11041,chickens
11042,cows
11043,fishes
11044,chickens
11045,cats
11046,spiders
11047,cats
11048,breads
11049,cakes
11050,birds
11051,horses
11052,elephants
11053,snakes
11054,horses
11055,cats
11056,dogs
11057,cats
11058,cats
11059,cows
11060,seals
11061,butterflies
11062,handguns
11063,dogs
11064,dogs
11065,seals
11066,spiders
11067,seals
11068,chickens
11069,vases
11070,lions
11071,cows
11072,cats
11073,cats
11074,spiders
11075,spiders
11076,seals
11077,cows
11078,bottles
11079,lipsticks
11080,dogs
11081,horses
11082,butterflies
11083,vases
11084,lions
11085,elephants
11086,breads
11087,vases
11088,elephants
11089,dogs
11090,horses
11091,butterflies
11092,dogs
11093,handguns
11094,lions
11095,lipsticks
11096,cats
11097,cows
11098,bottles
11099,butterflies
11100,cats
11101,snakes
11102,handguns
11103,cats
11104,spiders
11105,seals
11106,spiders
11107,butterflies
11108,cats
11109,chickens
11110,butterflies
11111,cakes
11112,vases
11113,elephants
11114,snakes
11115,butterflies
11116,spiders
11117,butterflies
11118,cows
11119,snakes
11120,cats
11121,horses
11122,cats
11123,butterflies
11124,spiders
11125,spiders
11126,butterflies
11127,horses
11128,cows
11129,elephants
11130,butterflies
11131,chickens
11132,chickens
11133,snakes
11134,butterflies
11135,horses
11136,snakes
11137,spiders
11138,elephants
11139,seals
11140,snakes
11141,cakes
11142,horses
11143,cows
11144,fishes
11145,cows
11146,vases
11147,seals
11148,dogs
11149,lipsticks
11150,butterflies
11151,spiders
11152,elephants
11153,cats
11154,cats
11155,fishes
11156,elephants
11157,cows
11158,ducks
11159,cakes
11160,chickens
11161,spiders
11162,fishes
11163,cats
11164,lions
11165,snakes
11166,spiders
11167,elephants
11168,chickens
11169,vases
11170,spiders
11171,breads
11172,bottles
11173,lions
11174,dogs
11175,chickens
11176,ducks
11177,vases
11178,dogs
11179,vases
11180,fishes
11181,cakes
11182,seals
11183,vases
11184,spiders
11185,lions
11186,cats
11187,seals
11188,cakes
11189,elephants
11190,vases
11191,spiders
11192,spiders
11193,dogs
11194,chickens
11195,dogs
11196,dogs
11197,spiders
11198,butterflies
11199,horses
11200,elephants
11201,spiders
11202,butterflies
11203,birds
11204,horses
11205,handguns
11206,butterflies
11207,spiders
11208,butterflies
11209,breads
11210,chickens
11211,chickens
11212,seals
11213,handguns
11214,breads
11215,chickens
11216,snakes
11217,chickens
11218,lipsticks
11219,cows
11220,snakes
11221,chickens
11222,elephants
11223,dogs
11224,cakes
11225,horses
11226,cows
11227,cats
11228,chickens
11229,spiders
11230,cows
11231,butterflies
11232,butterflies
11233,vases
11234,cats
11235,snakes
11236,vases
11237,birds
11238,elephants
11239,cats
11240,butterflies
11241,cows
11242,butterflies
11243,cows
11244,dogs
11245,cows
11246,elephants
11247,chickens
11248,cats
11249,cats
11250,cakes
11251,elephants
11252,cats
11253,butterflies
11254,spiders
11255,horses
11256,bottles
11257,cats
11258,dogs
11259,fishes
11260,handguns
11261,dogs
11262,bottles
11263,chickens
11264,birds
11265,breads
11266,chickens
11267,dogs
11268,elephants
11269,cats
11270,butterflies
11271,butterflies
11272,horses
11273,elephants
11274,butterflies
11275,cats
11276,chickens
11277,butterflies
11278,butterflies
11279,butterflies
11280,elephants
11281,dogs
11282,cows
11283,cows
11284,seals
11285,breads
11286,butterflies
11287,chickens
11288,lipsticks
11289,seals
11290,handguns
11291,cats
11292,cows
11293,spiders
11294,lipsticks
11295,cats
11296,birds
11297,handguns
11298,cats
11299,cows
11300,cows
11301,birds
11302,vases
11303,cows
11304,snakes
11305,cakes
11306,cows
11307,chickens
11308,elephants
11309,seals
11310,elephants
11311,birds
11312,breads
11313,horses
11314,dogs
11315,butterflies
11316,spiders
11317,spiders
11318,handguns
11319,seals
11320,chickens
11321,chickens
11322,bottles
11323,snakes
11324,cows
11325,spiders
11326,spiders
11327,ducks
11328,spiders
11329,dogs
11330,elephants
11331,lipsticks
11332,elephants
11333,butterflies
11334,birds
11335,chickens
11336,cows
11337,dogs
11338,cats
11339,elephants
11340,dogs
11341,spiders
11342,cakes
11343,horses
11344,snakes
11345,vases
11346,elephants
11347,handguns
11348,snakes
11349,dogs
11350,seals
11351,butterflies
11352,chickens
11353,chickens
11354,cats
11355,cows
11356,cakes
11357,spiders
11358,chickens
11359,lions
11360,cats
11361,spiders
11362,spiders
11363,ducks
11364,cows
11365,spiders
11366,chickens
11367,chickens
11368,breads
11369,cats
11370,butterflies
11371,elephants
11372,butterflies
11373,elephants
11374,snakes
11375,cows
11376,cows
11377,birds
11378,chickens
11379,bottles
11380,horses
11381,lipsticks
11382,cats
11383,snakes
11384,lions
11385,dogs
11386,cats
11387,handguns
11388,lipsticks
11389,horses
11390,dogs
11391,cows
11392,elephants
11393,elephants
11394,spiders
11395,cats
11396,butterflies
11397,elephants
11398,cows
11399,fishes
11400,lipsticks
11401,cows
11402,lions
11403,elephants
11404,elephants
11405,lipsticks
11406,cakes
11407,elephants
11408,vases
11409,vases
11410,cows
11411,spiders
11412,horses
11413,horses
11414,cakes
11415,cows
11416,lions
11417,ducks
11418,cakes
11419,cakes
11420,fishes
11421,chickens
11422,cats
11423,cows
11424,cows
11425,vases
11426,butterflies
11427,cows
11428,horses
11429,chickens
11430,cats
11431,cows
11432,fishes
11433,breads
11434,vases
11435,birds
11436,bottles
11437,elephants
11438,horses
11439,spiders
11440,spiders
11441,butterflies
11442,cats
11443,seals
11444,bottles
11445,seals
11446,cakes
11447,butterflies
11448,horses
11449,elephants
11450,vases
11451,fishes
11452,breads
11453,dogs
11454,cakes
11455,horses
11456,fishes
11457,dogs
11458,cakes
11459,handguns
11460,butterflies
11461,spiders
11462,cats
11463,bottles
11464,lipsticks
11465,horses
11466,elephants
11467,chickens
11468,spiders
11469,cows
11470,lipsticks
11471,vases
11472,chickens
11473,horses
11474,chickens
11475,vases
11476,bottles
11477,butterflies
11478,ducks
11479,spiders
11480,spiders
11481,handguns
11482,elephants
11483,horses
11484,cows
11485,elephants
11486,dogs
11487,cakes
11488,butterflies
11489,horses
11490,spiders
11491,dogs
11492,spiders
11493,spiders
11494,butterflies
11495,chickens
11496,elephants
11497,butterflies
11498,butterflies
11499,lipsticks
11500,cows
11501,dogs
11502,dogs
11503,dogs
11504,spiders
11505,horses
11506,ducks
11507,handguns
11508,lipsticks
11509,chickens
11510,vases
11511,butterflies
11512,butterflies
11513,butterflies
11514,cows
11515,spiders
11516,spiders
11517,chickens
11518,chickens
11519,chickens
11520,fishes
11521,cats
11522,elephants
11523,butterflies
11524,breads
11525,elephants
11526,elephants
11527,ducks
11528,butterflies
11529,ducks
11530,cats
11531,cats
11532,cakes
11533,elephants
11534,spiders
11535,cats
11536,elephants
11537,horses
11538,cows
11539,cows
11540,handguns
11541,cows
11542,birds
11543,butterflies
11544,butterflies
11545,spiders
11546,cats
11547,horses
11548,chickens
11549,cows
11550,cows
11551,handguns
11552,chickens
11553,spiders
11554,cows
11555,elephants
11556,elephants
11557,cats
11558,chickens
11559,elephants
11560,dogs
11561,elephants
11562,vases
11563,spiders
11564,spiders
11565,dogs
11566,horses
11567,butterflies
11568,handguns
11569,elephants
11570,cats
11571,bottles
11572,spiders
11573,butterflies
11574,spiders
11575,breads
11576,cows
11577,dogs
11578,cows
11579,cakes
11580,butterflies
11581,vases
11582,cows
11583,cows
11584,spiders
11585,vases
11586,snakes
11587,dogs
11588,cows
11589,butterflies
11590,birds
11591,seals
11592,lipsticks
11593,cows
11594,butterflies
11595,butterflies
11596,lions
11597,elephants
11598,butterflies
11599,birds
11600,horses
11601,dogs
11602,spiders
11603,horses
11604,snakes
11605,cows
11606,fishes
11607,breads
11608,ducks
11609,horses
11610,spiders
11611,snakes
11612,spiders
11613,elephants
11614,vases
11615,spiders
11616,dogs
11617,bottles
11618,snakes
11619,dogs
11620,horses
11621,lions
11622,cows
11623,butterflies
11624,butterflies
11625,fishes
11626,cows
11627,vases
11628,butterflies
11629,dogs
11630,chickens
11631,horses
11632,spiders
11633,chickens
11634,spiders
11635,spiders
11636,breads
11637,butterflies
11638,dogs
11639,horses
11640,vases
11641,chickens
11642,dogs
11643,vases
11644,chickens
11645,vases
11646,dogs
11647,elephants
11648,breads
11649,cows
11650,cakes
11651,birds
11652,cows
11653,fishes
11654,vases
11655,breads
11656,spiders
11657,chickens
11658,horses
11659,cows
11660,elephants
11661,birds
11662,ducks
11663,lions
11664,spiders
11665,dogs
11666,butterflies
11667,bottles
11668,chickens
11669,elephants
11670,elephants
11671,snakes
11672,butterflies
11673,butterflies
11674,handguns
11675,vases
11676,chickens
11677,cows
11678,spiders
11679,spiders
11680,dogs
